Workbook

Sheet Summary
A1: ="DAILY TARGET & LY SUMMARY – "&TEXT($C$4,"ddd dd mmm yyyy")&" vs "&TEXT($F$4,"ddd dd mmm yyyy") -> DAILY TARGET & LY SUMMARY – Thu 01 Oct 2026 vs Mon 26 Oct 2026
A2: ="Target achieved = Sales ≥ "&TEXT($L$4,"0%")&" of daily target | Beat LY = like-for-like stores (LY sales > 0) with TY ≥ "&TEXT($O$4,"0%")&" of same date LY ("&TEXT(EDATE($C$4,-12),"dd mmm yyyy")&")" -> Target achieved = Sales ≥ 80% of daily target | Beat LY = like-for-like stores (LY sales > 0) with TY ≥ 100% of same date LY (01 Oct 2025)
A4: Report Date ▼ | C4: 46296 | E4: Compare Date ▼ | F4: 46321 | H4: ="Latest date with sales loaded: "&TEXT('Sales Dashboard'!$AZ$6,"dd mmm yyyy") -> Latest date with sales loaded: 26 Oct 2026 | K4: Target achieved if Ach % ≥ | L4: 0.8 | N4: LFL beat LY if TY/LY ≥ | O4: 1
AB5: STORE CALC (helper) – AB:AL report date, AM:AS compare date | AU5: DATE LIST (dropdown source)
A6: HEADLINE | B6: =TEXT($C$4,"dd mmm") -> 01 Oct | C6: ="Names – "&TEXT($C$4,"dd mmm") -> Names – 01 Oct | Q6: =TEXT($F$4,"dd mmm") -> 26 Oct | R6: ="Names – "&TEXT($F$4,"dd mmm") -> Names – 26 Oct | AB6: Store | AC6: Area Manager | AD6: City | AE6: Sales TY (day) | AF6: Daily Target | AG6: LY Sales (same date) | AH6: Has Target | AI6: Achieved Target | AJ6: LFL | AK6: Beat LY | AL6: Valid AM | AM6: Sales (Compare) | AN6: Target (Compare) | AO6: LY Sales (Compare) | AP6: Has Target (Compare) | AQ6: Achieved (Compare) | AR6: LFL (Compare) | AS6: Beat LY (Compare) | AU6: {=_xlfn._xlws.FILTER(_xlfn.ANCHORARRAY('Sales Dashboard'!$AY$6),_xlfn.ANCHORARRAY('Sales Dashboard'!$AY$6)<='Sales Dashboard'!$AZ$6)} -> 46296
A7: ="Area Managers achieved target (≥"&TEXT($L$4,"0%")&")" -> Area Managers achieved target (≥80%) | B7: =F26 -> 0 of 8 | C7: {=_xlfn.TEXTJOIN(", ",TRUE,_xlfn._xlws.FILTER(A16:A25,F16:F25="✔ Yes","None"))} -> None | Q7: =U26 -> 0 of 8 | R7: {=_xlfn.TEXTJOIN(", ",TRUE,_xlfn._xlws.FILTER(A16:A25,U16:U25="✔ Yes","None"))} -> None | AB7: =IF('Sales Dashboard'!AW5="","",'Sales Dashboard'!AW5) -> HAOTHASS | AC7: =IF(AB7="","",'Sales Dashboard'!AN5) -> Hamzah Al Makhadam | AD7: =IF(AB7="","",'Sales Dashboard'!AO5) -> Al Hasa | AE7: {=IF(OR(AB7="",NOT(ISNUMBER('Sales Dashboard'!BF5))),0,SUMPRODUCT((IFERROR(--'Sales and count'!$G$2:$CC$2,0)=$C$4)*('Sales and count'!$G$3:$CC$3="Total"),INDEX('Sales and count'!$G$4:$CC$300,'Sales Dashboard'!BF5,0)))} -> 11939.14 | AF7: {=IF(OR(AB7="",NOT(ISNUMBER('Sales Dashboard'!BG5))),0,SUMPRODUCT(('TY Sales Target'!$K$2:$AO$2=$C$4)*1,INDEX('TY Sales Target'!$K$5:$AO$300,'Sales Dashboard'!BG5,0)))} -> 10689.192 | AG7: {=IF(AB7="",0,SUMPRODUCT((TRIM('LY Sales '!$B$5:$B$200)=AB7)*('LY Sales '!$C$2:$AG$2=EDATE($C$4,-12)),'LY Sales '!$C$5:$AG$200))} -> 10503.31 | AH7: =--AND(AB7<>"",AF7>0) -> 1 | AI7: =--AND(AH7=1,AE7>=AF7*$L$4) -> 1 | AJ7: =--AND(AB7<>"",AG7>0) -> 1 | AK7: =--AND(AJ7=1,AE7>=AG7*$O$4) -> 1 | AL7: =--AND(AC7<>"",AC7<>"No assignment",AC7<>"Unassigned") -> 1 | AM7: {=IF(OR(AB7="",NOT(ISNUMBER('Sales Dashboard'!BF5))),0,SUMPRODUCT((IFERROR(--'Sales and count'!$G$2:$CC$2,0)=$F$4)*('Sales and count'!$G$3:$CC$3="Total"),INDEX('Sales and count'!$G$4:$CC$300,'Sales Dashboard'!BF5,0)))} -> 4633.23 | AN7: {=IF(OR(AB7="",NOT(ISNUMBER('Sales Dashboard'!BG5))),0,SUMPRODUCT(('TY Sales Target'!$K$2:$AO$2=$F$4)*1,INDEX('TY Sales Target'!$K$5:$AO$300,'Sales Dashboard'!BG5,0)))} -> 7421.638 | AO7: {=IF(AB7="",0,SUMPRODUCT((TRIM('LY Sales '!$B$5:$B$200)=AB7)*('LY Sales '!$C$2:$AG$2=EDATE($F$4,-12)),'LY Sales '!$C$5:$AG$200))} -> 5587.08 | AP7: =--AND(AB7<>"",AN7>0) -> 1 | AQ7: =--AND(AP7=1,AM7>=AN7*$L$4) -> 0 | AR7: =--AND(AB7<>"",AO7>0) -> 1 | AS7: =--AND(AR7=1,AM7>=AO7*$O$4) -> 0 | AU7: 46297
A8: ="Area Managers beat LY (LFL ≥"&TEXT($O$4,"0%")&")" -> Area Managers beat LY (LFL ≥100%) | B8: =N26 -> 0 of 8 | C8: {=_xlfn.TEXTJOIN(", ",TRUE,_xlfn._xlws.FILTER(A16:A25,N16:N25="✔ Yes","None"))} -> None | Q8: =COUNTIF(W16:W25,">="&($O$4-1))&" of "&COUNT(W16:W25) -> 0 of 8 | R8: {=_xlfn.TEXTJOIN(", ",TRUE,_xlfn._xlws.FILTER(A16:A25,IF(ISNUMBER(W16:W25),W16:W25>=$O$4-1,FALSE),"None"))} -> None | AB8: =IF('Sales Dashboard'!AW7="","",'Sales Dashboard'!AW7) -> HAPALMJED | AC8: =IF(AB8="","",'Sales Dashboard'!AN7) -> Ahlam Al Zahrani | AD8: =IF(AB8="","",'Sales Dashboard'!AO7) -> Jeddah | AE8: {=IF(OR(AB8="",NOT(ISNUMBER('Sales Dashboard'!BF7))),0,SUMPRODUCT((IFERROR(--'Sales and count'!$G$2:$CC$2,0)=$C$4)*('Sales and count'!$G$3:$CC$3="Total"),INDEX('Sales and count'!$G$4:$CC$300,'Sales Dashboard'!BF7,0)))} -> 10718.22 | AF8: {=IF(OR(AB8="",NOT(ISNUMBER('Sales Dashboard'!BG7))),0,SUMPRODUCT(('TY Sales Target'!$K$2:$AO$2=$C$4)*1,INDEX('TY Sales Target'!$K$5:$AO$300,'Sales Dashboard'!BG7,0)))} -> 10131.936 | AG8: {=IF(AB8="",0,SUMPRODUCT((TRIM('LY Sales '!$B$5:$B$200)=AB8)*('LY Sales '!$C$2:$AG$2=EDATE($C$4,-12)),'LY Sales '!$C$5:$AG$200))} -> 0 | AH8: =--AND(AB8<>"",AF8>0) -> 1 | AI8: =--AND(AH8=1,AE8>=AF8*$L$4) -> 1 | AJ8: =--AND(AB8<>"",AG8>0) -> 0 | AK8: =--AND(AJ8=1,AE8>=AG8*$O$4) -> 0 | AL8: =--AND(AC8<>"",AC8<>"No assignment",AC8<>"Unassigned") -> 1 | AM8: {=IF(OR(AB8="",NOT(ISNUMBER('Sales Dashboard'!BF7))),0,SUMPRODUCT((IFERROR(--'Sales and count'!$G$2:$CC$2,0)=$F$4)*('Sales and count'!$G$3:$CC$3="Total"),INDEX('Sales and count'!$G$4:$CC$300,'Sales Dashboard'!BF7,0)))} -> 4492.35 | AN8: {=IF(OR(AB8="",NOT(ISNUMBER('Sales Dashboard'!BG7))),0,SUMPRODUCT(('TY Sales Target'!$K$2:$AO$2=$F$4)*1,INDEX('TY Sales Target'!$K$5:$AO$300,'Sales Dashboard'!BG7,0)))} -> 7034.728 | AO8: {=IF(AB8="",0,SUMPRODUCT((TRIM('LY Sales '!$B$5:$B$200)=AB8)*('LY Sales '!$C$2:$AG$2=EDATE($F$4,-12)),'LY Sales '!$C$5:$AG$200))} -> 0 | AP8: =--AND(AB8<>"",AN8>0) -> 1 | AQ8: =--AND(AP8=1,AM8>=AN8*$L$4) -> 0 | AR8: =--AND(AB8<>"",AO8>0) -> 0 | AS8: =--AND(AR8=1,AM8>=AO8*$O$4) -> 0 | AU8: 46298
A9: ="Cities achieved target (≥"&TEXT($L$4,"0%")&")" -> Cities achieved target (≥80%) | B9: =F70 -> 5 of 31 | C9: {=_xlfn.TEXTJOIN(", ",TRUE,_xlfn._xlws.FILTER(A30:A69,F30:F69="✔ Yes","None"))} -> Al Hasa, Dawadami, Jizan, Qurayat, Yanbu | Q9: =U70 -> 0 of 31 | R9: {=_xlfn.TEXTJOIN(", ",TRUE,_xlfn._xlws.FILTER(A30:A69,U30:U69="✔ Yes","None"))} -> None | AB9: =IF('Sales Dashboard'!AW8="","",'Sales Dashboard'!AW8) -> TAHLIAST | AC9: =IF(AB9="","",'Sales Dashboard'!AN8) -> Ahlam Al Zahrani | AD9: =IF(AB9="","",'Sales Dashboard'!AO8) -> Jeddah | AE9: {=IF(OR(AB9="",NOT(ISNUMBER('Sales Dashboard'!BF8))),0,SUMPRODUCT((IFERROR(--'Sales and count'!$G$2:$CC$2,0)=$C$4)*('Sales and count'!$G$3:$CC$3="Total"),INDEX('Sales and count'!$G$4:$CC$300,'Sales Dashboard'!BF8,0)))} -> 8917.23 | AF9: {=IF(OR(AB9="",NOT(ISNUMBER('Sales Dashboard'!BG8))),0,SUMPRODUCT(('TY Sales Target'!$K$2:$AO$2=$C$4)*1,INDEX('TY Sales Target'!$K$5:$AO$300,'Sales Dashboard'!BG8,0)))} -> 12411.621 | AG9: {=IF(AB9="",0,SUMPRODUCT((TRIM('LY Sales '!$B$5:$B$200)=AB9)*('LY Sales '!$C$2:$AG$2=EDATE($C$4,-12)),'LY Sales '!$C$5:$AG$200))} -> 16722.58 | AH9: =--AND(AB9<>"",AF9>0) -> 1 | AI9: =--AND(AH9=1,AE9>=AF9*$L$4) -> 0 | AJ9: =--AND(AB9<>"",AG9>0) -> 1 | AK9: =--AND(AJ9=1,AE9>=AG9*$O$4) -> 0 | AL9: =--AND(AC9<>"",AC9<>"No assignment",AC9<>"Unassigned") -> 1 | AM9: {=IF(OR(AB9="",NOT(ISNUMBER('Sales Dashboard'!BF8))),0,SUMPRODUCT((IFERROR(--'Sales and count'!$G$2:$CC$2,0)=$F$4)*('Sales and count'!$G$3:$CC$3="Total"),INDEX('Sales and count'!$G$4:$CC$300,'Sales Dashboard'!BF8,0)))} -> 3522.2 | AN9: {=IF(OR(AB9="",NOT(ISNUMBER('Sales Dashboard'!BG8))),0,SUMPRODUCT(('TY Sales Target'!$K$2:$AO$2=$F$4)*1,INDEX('TY Sales Target'!$K$5:$AO$300,'Sales Dashboard'!BG8,0)))} -> 8617.5418 | AO9: {=IF(AB9="",0,SUMPRODUCT((TRIM('LY Sales '!$B$5:$B$200)=AB9)*('LY Sales '!$C$2:$AG$2=EDATE($F$4,-12)),'LY Sales '!$C$5:$AG$200))} -> 7356.16 | AP9: =--AND(AB9<>"",AN9>0) -> 1 | AQ9: =--AND(AP9=1,AM9>=AN9*$L$4) -> 0 | AR9: =--AND(AB9<>"",AO9>0) -> 1 | AS9: =--AND(AR9=1,AM9>=AO9*$O$4) -> 0 | AU9: 46299
A10: ="Cities beat LY (LFL ≥"&TEXT($O$4,"0%")&")" -> Cities beat LY (LFL ≥100%) | B10: =N70 -> 4 of 20 | C10: {=_xlfn.TEXTJOIN(", ",TRUE,_xlfn._xlws.FILTER(A30:A69,N30:N69="✔ Yes","None"))} -> Buraidah, Jubail, Khobar, Qatif | Q10: =COUNTIF(W30:W69,">="&($O$4-1))&" of "&COUNT(W30:W69) -> 5 of 23 | R10: {=_xlfn.TEXTJOIN(", ",TRUE,_xlfn._xlws.FILTER(A30:A69,IF(ISNUMBER(W30:W69),W30:W69>=$O$4-1,FALSE),"None"))} -> Buraidah, Dammam, Madinah, Qatif, Sabya | AB10: =IF('Sales Dashboard'!AW9="","",'Sales Dashboard'!AW9) -> HAMYANYARD | AC10: =IF(AB10="","",'Sales Dashboard'!AN9) -> Maram Zamzami | AD10: =IF(AB10="","",'Sales Dashboard'!AO9) -> Makkah | AE10: {=IF(OR(AB10="",NOT(ISNUMBER('Sales Dashboard'!BF9))),0,SUMPRODUCT((IFERROR(--'Sales and count'!$G$2:$CC$2,0)=$C$4)*('Sales and count'!$G$3:$CC$3="Total"),INDEX('Sales and count'!$G$4:$CC$300,'Sales Dashboard'!BF9,0)))} -> 8811.14 | AF10: {=IF(OR(AB10="",NOT(ISNUMBER('Sales Dashboard'!BG9))),0,SUMPRODUCT(('TY Sales Target'!$K$2:$AO$2=$C$4)*1,INDEX('TY Sales Target'!$K$5:$AO$300,'Sales Dashboard'!BG9,0)))} -> 8612.1455 | AG10: {=IF(AB10="",0,SUMPRODUCT((TRIM('LY Sales '!$B$5:$B$200)=AB10)*('LY Sales '!$C$2:$AG$2=EDATE($C$4,-12)),'LY Sales '!$C$5:$AG$200))} -> 10913.25 | AH10: =--AND(AB10<>"",AF10>0) -> 1 | AI10: =--AND(AH10=1,AE10>=AF10*$L$4) -> 1 | AJ10: =--AND(AB10<>"",AG10>0) -> 1 | AK10: =--AND(AJ10=1,AE10>=AG10*$O$4) -> 0 | AL10: =--AND(AC10<>"",AC10<>"No assignment",AC10<>"Unassigned") -> 1 | AM10: {=IF(OR(AB10="",NOT(ISNUMBER('Sales Dashboard'!BF9))),0,SUMPRODUCT((IFERROR(--'Sales and count'!$G$2:$CC$2,0)=$F$4)*('Sales and count'!$G$3:$CC$3="Total"),INDEX('Sales and count'!$G$4:$CC$300,'Sales Dashboard'!BF9,0)))} -> 3406.22 | AN10: {=IF(OR(AB10="",NOT(ISNUMBER('Sales Dashboard'!BG9))),0,SUMPRODUCT(('TY Sales Target'!$K$2:$AO$2=$F$4)*1,INDEX('TY Sales Target'!$K$5:$AO$300,'Sales Dashboard'!BG9,0)))} -> 5979.5188 | AO10: {=IF(AB10="",0,SUMPRODUCT((TRIM('LY Sales '!$B$5:$B$200)=AB10)*('LY Sales '!$C$2:$AG$2=EDATE($F$4,-12)),'LY Sales '!$C$5:$AG$200))} -> 2306.04 | AP10: =--AND(AB10<>"",AN10>0) -> 1 | AQ10: =--AND(AP10=1,AM10>=AN10*$L$4) -> 0 | AR10: =--AND(AB10<>"",AO10>0) -> 1 | AS10: =--AND(AR10=1,AM10>=AO10*$O$4) -> 1 | AU10: 46300
A11: ="Stores achieved target (≥"&TEXT($L$4,"0%")&")" -> Stores achieved target (≥80%) | B11: =SUM($AI$7:$AI$303)&" of "&SUM($AH$7:$AH$303) -> 20 of 115 | Q11: =SUM($AQ$7:$AQ$303)&" of "&SUM($AP$7:$AP$303) -> 6 of 115 | AB11: =IF('Sales Dashboard'!AW10="","",'Sales Dashboard'!AW10) -> HAMAKANMAL | AC11: =IF(AB11="","",'Sales Dashboard'!AN10) -> Lina Al Ghathami | AD11: =IF(AB11="","",'Sales Dashboard'!AO10) -> Dawadami | AE11: {=IF(OR(AB11="",NOT(ISNUMBER('Sales Dashboard'!BF10))),0,SUMPRODUCT((IFERROR(--'Sales and count'!$G$2:$CC$2,0)=$C$4)*('Sales and count'!$G$3:$CC$3="Total"),INDEX('Sales and count'!$G$4:$CC$300,'Sales Dashboard'!BF10,0)))} -> 4209.13 | AF11: {=IF(OR(AB11="",NOT(ISNUMBER('Sales Dashboard'!BG10))),0,SUMPRODUCT(('TY Sales Target'!$K$2:$AO$2=$C$4)*1,INDEX('TY Sales Target'!$K$5:$AO$300,'Sales Dashboard'!BG10,0)))} -> 4812.6695 | AG11: {=IF(AB11="",0,SUMPRODUCT((TRIM('LY Sales '!$B$5:$B$200)=AB11)*('LY Sales '!$C$2:$AG$2=EDATE($C$4,-12)),'LY Sales '!$C$5:$AG$200))} -> 0 | AH11: =--AND(AB11<>"",AF11>0) -> 1 | AI11: =--AND(AH11=1,AE11>=AF11*$L$4) -> 1 | AJ11: =--AND(AB11<>"",AG11>0) -> 0 | AK11: =--AND(AJ11=1,AE11>=AG11*$O$4) -> 0 | AL11: =--AND(AC11<>"",AC11<>"No assignment",AC11<>"Unassigned") -> 1 | AM11: {=IF(OR(AB11="",NOT(ISNUMBER('Sales Dashboard'!BF10))),0,SUMPRODUCT((IFERROR(--'Sales and count'!$G$2:$CC$2,0)=$F$4)*('Sales and count'!$G$3:$CC$3="Total"),INDEX('Sales and count'!$G$4:$CC$300,'Sales Dashboard'!BF10,0)))} -> 2656.15 | AN11: {=IF(OR(AB11="",NOT(ISNUMBER('Sales Dashboard'!BG10))),0,SUMPRODUCT(('TY Sales Target'!$K$2:$AO$2=$F$4)*1,INDEX('TY Sales Target'!$K$5:$AO$300,'Sales Dashboard'!BG10,0)))} -> 3341.4958 | AO11: {=IF(AB11="",0,SUMPRODUCT((TRIM('LY Sales '!$B$5:$B$200)=AB11)*('LY Sales '!$C$2:$AG$2=EDATE($F$4,-12)),'LY Sales '!$C$5:$AG$200))} -> 0 | AP11: =--AND(AB11<>"",AN11>0) -> 1 | AQ11: =--AND(AP11=1,AM11>=AN11*$L$4) -> 0 | AR11: =--AND(AB11<>"",AO11>0) -> 0 | AS11: =--AND(AR11=1,AM11>=AO11*$O$4) -> 0 | AU11: 46301
A12: ="LFL stores beat LY (≥"&TEXT($O$4,"0%")&")" -> LFL stores beat LY (≥100%) | B12: =SUM($AK$7:$AK$303)&" of "&SUM($AJ$7:$AJ$303) -> 15 of 59 | Q12: =SUM($AS$7:$AS$303)&" of "&SUM($AR$7:$AR$303) -> 21 of 64 | AB12: =IF('Sales Dashboard'!AW11="","",'Sales Dashboard'!AW11) -> HAABRAJ1 | AC12: =IF(AB12="","",'Sales Dashboard'!AN11) -> Maram Zamzami | AD12: =IF(AB12="","",'Sales Dashboard'!AO11) -> Makkah | AE12: {=IF(OR(AB12="",NOT(ISNUMBER('Sales Dashboard'!BF11))),0,SUMPRODUCT((IFERROR(--'Sales and count'!$G$2:$CC$2,0)=$C$4)*('Sales and count'!$G$3:$CC$3="Total"),INDEX('Sales and count'!$G$4:$CC$300,'Sales Dashboard'!BF11,0)))} -> 26466.61 | AF12: {=IF(OR(AB12="",NOT(ISNUMBER('Sales Dashboard'!BG11))),0,SUMPRODUCT(('TY Sales Target'!$K$2:$AO$2=$C$4)*1,INDEX('TY Sales Target'!$K$5:$AO$300,'Sales Dashboard'!BG11,0)))} -> 37994.759 | AG12: {=IF(AB12="",0,SUMPRODUCT((TRIM('LY Sales '!$B$5:$B$200)=AB12)*('LY Sales '!$C$2:$AG$2=EDATE($C$4,-12)),'LY Sales '!$C$5:$AG$200))} -> 0 | AH12: =--AND(AB12<>"",AF12>0) -> 1 | AI12: =--AND(AH12=1,AE12>=AF12*$L$4) -> 0 | AJ12: =--AND(AB12<>"",AG12>0) -> 0 | AK12: =--AND(AJ12=1,AE12>=AG12*$O$4) -> 0 | AL12: =--AND(AC12<>"",AC12<>"No assignment",AC12<>"Unassigned") -> 1 | AM12: {=IF(OR(AB12="",NOT(ISNUMBER('Sales Dashboard'!BF11))),0,SUMPRODUCT((IFERROR(--'Sales and count'!$G$2:$CC$2,0)=$F$4)*('Sales and count'!$G$3:$CC$3="Total"),INDEX('Sales and count'!$G$4:$CC$300,'Sales Dashboard'!BF11,0)))} -> 12409.9 | AN12: {=IF(OR(AB12="",NOT(ISNUMBER('Sales Dashboard'!BG11))),0,SUMPRODUCT(('TY Sales Target'!$K$2:$AO$2=$F$4)*1,INDEX('TY Sales Target'!$K$5:$AO$300,'Sales Dashboard'!BG11,0)))} -> 26380.23 | AO12: {=IF(AB12="",0,SUMPRODUCT((TRIM('LY Sales '!$B$5:$B$200)=AB12)*('LY Sales '!$C$2:$AG$2=EDATE($F$4,-12)),'LY Sales '!$C$5:$AG$200))} -> 0 | AP12: =--AND(AB12<>"",AN12>0) -> 1 | AQ12: =--AND(AP12=1,AM12>=AN12*$L$4) -> 0 | AR12: =--AND(AB12<>"",AO12>0) -> 0 | AS12: =--AND(AR12=1,AM12>=AO12*$O$4) -> 0 | AU12: 46302
AB13: =IF('Sales Dashboard'!AW12="","",'Sales Dashboard'!AW12) -> HADANAYAN | AC13: =IF(AB13="","",'Sales Dashboard'!AN12) -> Mohammed Haidar | AD13: =IF(AB13="","",'Sales Dashboard'!AO12) -> Yanbu | AE13: {=IF(OR(AB13="",NOT(ISNUMBER('Sales Dashboard'!BF12))),0,SUMPRODUCT((IFERROR(--'Sales and count'!$G$2:$CC$2,0)=$C$4)*('Sales and count'!$G$3:$CC$3="Total"),INDEX('Sales and count'!$G$4:$CC$300,'Sales Dashboard'!BF12,0)))} -> 4773.07 | AF13: {=IF(OR(AB13="",NOT(ISNUMBER('Sales Dashboard'!BG12))),0,SUMPRODUCT(('TY Sales Target'!$K$2:$AO$2=$C$4)*1,INDEX('TY Sales Target'!$K$5:$AO$300,'Sales Dashboard'!BG12,0)))} -> 5420.5857 | AG13: {=IF(AB13="",0,SUMPRODUCT((TRIM('LY Sales '!$B$5:$B$200)=AB13)*('LY Sales '!$C$2:$AG$2=EDATE($C$4,-12)),'LY Sales '!$C$5:$AG$200))} -> 0 | AH13: =--AND(AB13<>"",AF13>0) -> 1 | AI13: =--AND(AH13=1,AE13>=AF13*$L$4) -> 1 | AJ13: =--AND(AB13<>"",AG13>0) -> 0 | AK13: =--AND(AJ13=1,AE13>=AG13*$O$4) -> 0 | AL13: =--AND(AC13<>"",AC13<>"No assignment",AC13<>"Unassigned") -> 1 | AM13: {=IF(OR(AB13="",NOT(ISNUMBER('Sales Dashboard'!BF12))),0,SUMPRODUCT((IFERROR(--'Sales and count'!$G$2:$CC$2,0)=$F$4)*('Sales and count'!$G$3:$CC$3="Total"),INDEX('Sales and count'!$G$4:$CC$300,'Sales Dashboard'!BF12,0)))} -> 1660.11 | AN13: {=IF(OR(AB13="",NOT(ISNUMBER('Sales Dashboard'!BG12))),0,SUMPRODUCT(('TY Sales Target'!$K$2:$AO$2=$F$4)*1,INDEX('TY Sales Target'!$K$5:$AO$300,'Sales Dashboard'!BG12,0)))} -> 3763.5795 | AO13: {=IF(AB13="",0,SUMPRODUCT((TRIM('LY Sales '!$B$5:$B$200)=AB13)*('LY Sales '!$C$2:$AG$2=EDATE($F$4,-12)),'LY Sales '!$C$5:$AG$200))} -> 0 | AP13: =--AND(AB13<>"",AN13>0) -> 1 | AQ13: =--AND(AP13=1,AM13>=AN13*$L$4) -> 0 | AR13: =--AND(AB13<>"",AO13>0) -> 0 | AS13: =--AND(AR13=1,AM13>=AO13*$O$4) -> 0 | AU13: 46303
A14: BY AREA MANAGER | E14: ="REPORT DATE: "&TEXT($C$4,"ddd dd mmm yyyy") -> REPORT DATE: Thu 01 Oct 2026 | Q14: ="COMPARE DATE: "&TEXT($F$4,"ddd dd mmm yyyy") -> COMPARE DATE: Mon 26 Oct 2026 | AB14: =IF('Sales Dashboard'!AW13="","",'Sales Dashboard'!AW13) -> HADARTAW2 | AC14: =IF(AB14="","",'Sales Dashboard'!AN13) -> Maram Zamzami | AD14: =IF(AB14="","",'Sales Dashboard'!AO13) -> Makkah | AE14: {=IF(OR(AB14="",NOT(ISNUMBER('Sales Dashboard'!BF13))),0,SUMPRODUCT((IFERROR(--'Sales and count'!$G$2:$CC$2,0)=$C$4)*('Sales and count'!$G$3:$CC$3="Total"),INDEX('Sales and count'!$G$4:$CC$300,'Sales Dashboard'!BF13,0)))} -> 28795.78 | AF14: {=IF(OR(AB14="",NOT(ISNUMBER('Sales Dashboard'!BG13))),0,SUMPRODUCT(('TY Sales Target'!$K$2:$AO$2=$C$4)*1,INDEX('TY Sales Target'!$K$5:$AO$300,'Sales Dashboard'!BG13,0)))} -> 47113.502 | AG14: {=IF(AB14="",0,SUMPRODUCT((TRIM('LY Sales '!$B$5:$B$200)=AB14)*('LY Sales '!$C$2:$AG$2=EDATE($C$4,-12)),'LY Sales '!$C$5:$AG$200))} -> 0 | AH14: =--AND(AB14<>"",AF14>0) -> 1 | AI14: =--AND(AH14=1,AE14>=AF14*$L$4) -> 0 | AJ14: =--AND(AB14<>"",AG14>0) -> 0 | AK14: =--AND(AJ14=1,AE14>=AG14*$O$4) -> 0 | AL14: =--AND(AC14<>"",AC14<>"No assignment",AC14<>"Unassigned") -> 1 | AM14: {=IF(OR(AB14="",NOT(ISNUMBER('Sales Dashboard'!BF13))),0,SUMPRODUCT((IFERROR(--'Sales and count'!$G$2:$CC$2,0)=$F$4)*('Sales and count'!$G$3:$CC$3="Total"),INDEX('Sales and count'!$G$4:$CC$300,'Sales Dashboard'!BF13,0)))} -> 19781.05 | AN14: {=IF(OR(AB14="",NOT(ISNUMBER('Sales Dashboard'!BG13))),0,SUMPRODUCT(('TY Sales Target'!$K$2:$AO$2=$F$4)*1,INDEX('TY Sales Target'!$K$5:$AO$300,'Sales Dashboard'!BG13,0)))} -> 32711.485 | AO14: {=IF(AB14="",0,SUMPRODUCT((TRIM('LY Sales '!$B$5:$B$200)=AB14)*('LY Sales '!$C$2:$AG$2=EDATE($F$4,-12)),'LY Sales '!$C$5:$AG$200))} -> 0 | AP14: =--AND(AB14<>"",AN14>0) -> 1 | AQ14: =--AND(AP14=1,AM14>=AN14*$L$4) -> 0 | AR14: =--AND(AB14<>"",AO14>0) -> 0 | AS14: =--AND(AR14=1,AM14>=AO14*$O$4) -> 0 | AU14: 46304
A15: Area Manager | B15: Stores | C15: ="Sales "&TEXT($C$4,"dd mmm") -> Sales 01 Oct | D15: ="Target "&TEXT($C$4,"dd mmm") -> Target 01 Oct | E15: Ach % vs Target | F15: ="Achieved Target? (≥"&TEXT($L$4,"0%")&")" -> Achieved Target? (≥80%) | G15: Stores with Target | H15: Stores Achieved | I15: Stores Achieved (x of y) | J15: LFL Stores | K15: LFL Sales TY | L15: LFL Sales LY | M15: LFL Growth % | N15: ="Beat LY? (≥"&TEXT($O$4,"0%")&")" -> Beat LY? (≥100%) | O15: LFL Stores Beat LY | P15: Stores Beat LY (x of y) | Q15: ="Sales "&TEXT($F$4,"dd mmm") -> Sales 26 Oct | R15: ="Sales Change % vs "&TEXT($F$4,"dd mmm") -> Sales Change % vs 26 Oct | S15: ="Ach % "&TEXT($F$4,"dd mmm") -> Ach % 26 Oct | T15: ="Ach % Change (pts)" -> Ach % Change (pts) | U15: ="Achieved Target? "&TEXT($F$4,"dd mmm") -> Achieved Target? 26 Oct | V15: ="Stores Achieved "&TEXT($F$4,"dd mmm") -> Stores Achieved 26 Oct | W15: ="LFL Growth % "&TEXT($F$4,"dd mmm") -> LFL Growth % 26 Oct | X15: ="Stores Beat LY "&TEXT($F$4,"dd mmm") -> Stores Beat LY 26 Oct | AB15: =IF('Sales Dashboard'!AW14="","",'Sales Dashboard'!AW14) -> HAWAHABLVD | AC15: =IF(AB15="","",'Sales Dashboard'!AN14) -> Ahlam Al Zahrani | AD15: =IF(AB15="","",'Sales Dashboard'!AO14) -> Jeddah | AE15: {=IF(OR(AB15="",NOT(ISNUMBER('Sales Dashboard'!BF14))),0,SUMPRODUCT((IFERROR(--'Sales and count'!$G$2:$CC$2,0)=$C$4)*('Sales and count'!$G$3:$CC$3="Total"),INDEX('Sales and count'!$G$4:$CC$300,'Sales Dashboard'!BF14,0)))} -> 6723.06 | AF15: {=IF(OR(AB15="",NOT(ISNUMBER('Sales Dashboard'!BG14))),0,SUMPRODUCT(('TY Sales Target'!$K$2:$AO$2=$C$4)*1,INDEX('TY Sales Target'!$K$5:$AO$300,'Sales Dashboard'!BG14,0)))} -> 8358.8471 | AG15: {=IF(AB15="",0,SUMPRODUCT((TRIM('LY Sales '!$B$5:$B$200)=AB15)*('LY Sales '!$C$2:$AG$2=EDATE($C$4,-12)),'LY Sales '!$C$5:$AG$200))} -> 0 | AH15: =--AND(AB15<>"",AF15>0) -> 1 | AI15: =--AND(AH15=1,AE15>=AF15*$L$4) -> 1 | AJ15: =--AND(AB15<>"",AG15>0) -> 0 | AK15: =--AND(AJ15=1,AE15>=AG15*$O$4) -> 0 | AL15: =--AND(AC15<>"",AC15<>"No assignment",AC15<>"Unassigned") -> 1 | AM15: {=IF(OR(AB15="",NOT(ISNUMBER('Sales Dashboard'!BF14))),0,SUMPRODUCT((IFERROR(--'Sales and count'!$G$2:$CC$2,0)=$F$4)*('Sales and count'!$G$3:$CC$3="Total"),INDEX('Sales and count'!$G$4:$CC$300,'Sales Dashboard'!BF14,0)))} -> 2738.16 | AN15: {=IF(OR(AB15="",NOT(ISNUMBER('Sales Dashboard'!BG14))),0,SUMPRODUCT(('TY Sales Target'!$K$2:$AO$2=$F$4)*1,INDEX('TY Sales Target'!$K$5:$AO$300,'Sales Dashboard'!BG14,0)))} -> 5803.6506 | AO15: {=IF(AB15="",0,SUMPRODUCT((TRIM('LY Sales '!$B$5:$B$200)=AB15)*('LY Sales '!$C$2:$AG$2=EDATE($F$4,-12)),'LY Sales '!$C$5:$AG$200))} -> 0 | AP15: =--AND(AB15<>"",AN15>0) -> 1 | AQ15: =--AND(AP15=1,AM15>=AN15*$L$4) -> 0 | AR15: =--AND(AB15<>"",AO15>0) -> 0 | AS15: =--AND(AR15=1,AM15>=AO15*$O$4) -> 0 | AU15: 46305
A16: {=IFERROR(INDEX(_xlfn._xlws.SORT(_xlfn.UNIQUE(_xlfn._xlws.FILTER($AC$7:$AC$303,$AL$7:$AL$303=1))),ROWS($A$16:A16)),"")} -> Ahlam Al Zahrani | B16: =IF($A16="","",COUNTIFS($AC$7:$AC$303,$A16,$AL$7:$AL$303,1)) -> 13 | C16: =IF($A16="","",SUMIFS($AE$7:$AE$303,$AC$7:$AC$303,$A16,$AL$7:$AL$303,1)) -> 113474.39 | D16: =IF($A16="","",SUMIFS($AF$7:$AF$303,$AC$7:$AC$303,$A16,$AL$7:$AL$303,1)) -> 163060.73 | E16: =IF(OR($A16="",N(D16)=0),"",C16/D16) -> 0.69590264 | F16: =IF(OR($A16="",N(D16)=0),"",IF(C16>=D16*$L$4,"✔ Yes","✘ No")) -> ✘ No | G16: =IF($A16="","",COUNTIFS($AC$7:$AC$303,$A16,$AH$7:$AH$303,1,$AL$7:$AL$303,1)) -> 13 | H16: =IF($A16="","",COUNTIFS($AC$7:$AC$303,$A16,$AI$7:$AI$303,1,$AL$7:$AL$303,1)) -> 4 | I16: =IF($A16="","",H16&" of "&G16) -> 4 of 13 | J16: =IF($A16="","",COUNTIFS($AC$7:$AC$303,$A16,$AJ$7:$AJ$303,1,$AL$7:$AL$303,1)) -> 6 | K16: =IF($A16="","",SUMIFS($AE$7:$AE$303,$AC$7:$AC$303,$A16,$AJ$7:$AJ$303,1,$AL$7:$AL$303,1)) -> 57631.38 | L16: =IF($A16="","",SUMIFS($AG$7:$AG$303,$AC$7:$AC$303,$A16,$AJ$7:$AJ$303,1,$AL$7:$AL$303,1)) -> 66750.99 | M16: =IF(OR($A16="",N(L16)=0),"",K16/L16-1) -> -0.13662134 | N16: =IF(OR($A16="",N(L16)=0),"",IF(K16>=L16*$O$4,"✔ Yes","✘ No")) -> ✘ No | O16: =IF($A16="","",COUNTIFS($AC$7:$AC$303,$A16,$AK$7:$AK$303,1,$AL$7:$AL$303,1)) -> 2 | P16: =IF($A16="","",O16&" of "&J16) -> 2 of 6 | Q16: =IF($A16="","",SUMIFS($AM$7:$AM$303,$AC$7:$AC$303,$A16,$AL$7:$AL$303,1)) -> 49959.12 | R16: =IF(OR($A16="",N(Q16)=0),"",C16/Q16-1) -> 1.2713449 | S16: =IF($A16="","",IFERROR(Q16/SUMIFS($AN$7:$AN$303,$AC$7:$AC$303,$A16,$AL$7:$AL$303,1),"")) -> 0.44127623 | T16: =IF(OR(E16="",S16=""),"",(E16-S16)*100) -> 25.462642 | U16: =IF(S16="","",IF(S16>=$L$4,"✔ Yes","✘ No")) -> ✘ No | V16: =IF($A16="","",COUNTIFS($AC$7:$AC$303,$A16,$AQ$7:$AQ$303,1,$AL$7:$AL$303,1)&" of "&COUNTIFS($AC$7:$AC$303,$A16,$AP$7:$AP$303,1,$AL$7:$AL$303,1)) -> 0 of 13 | W16: =IF($A16="","",IFERROR(SUMIFS($AM$7:$AM$303,$AC$7:$AC$303,$A16,$AR$7:$AR$303,1,$AL$7:$AL$303,1)/SUMIFS($AO$7:$AO$303,$AC$7:$AC$303,$A16,$AR$7:$AR$303,1,$AL$7:$AL$303,1)-1,"")) -> -0.10997225 | X16: =IF($A16="","",COUNTIFS($AC$7:$AC$303,$A16,$AS$7:$AS$303,1,$AL$7:$AL$303,1)&" of "&COUNTIFS($AC$7:$AC$303,$A16,$AR$7:$AR$303,1,$AL$7:$AL$303,1)) -> 3 of 6 | AB16: =IF('Sales Dashboard'!AW15="","",'Sales Dashboard'!AW15) -> YANBUMALL | AC16: =IF(AB16="","",'Sales Dashboard'!AN15) -> Mohammed Haidar | AD16: =IF(AB16="","",'Sales Dashboard'!AO15) -> Yanbu | AE16: {=IF(OR(AB16="",NOT(ISNUMBER('Sales Dashboard'!BF15))),0,SUMPRODUCT((IFERROR(--'Sales and count'!$G$2:$CC$2,0)=$C$4)*('Sales and count'!$G$3:$CC$3="Total"),INDEX('Sales and count'!$G$4:$CC$300,'Sales Dashboard'!BF15,0)))} -> 5937.07 | AF16: {=IF(OR(AB16="",NOT(ISNUMBER('Sales Dashboard'!BG15))),0,SUMPRODUCT(('TY Sales Target'!$K$2:$AO$2=$C$4)*1,INDEX('TY Sales Target'!$K$5:$AO$300,'Sales Dashboard'!BG15,0)))} -> 7446.9728 | AG16: {=IF(AB16="",0,SUMPRODUCT((TRIM('LY Sales '!$B$5:$B$200)=AB16)*('LY Sales '!$C$2:$AG$2=EDATE($C$4,-12)),'LY Sales '!$C$5:$AG$200))} -> 10677.2 | AH16: =--AND(AB16<>"",AF16>0) -> 1 | AI16: =--AND(AH16=1,AE16>=AF16*$L$4) -> 0 | AJ16: =--AND(AB16<>"",AG16>0) -> 1 | AK16: =--AND(AJ16=1,AE16>=AG16*$O$4) -> 0 | AL16: =--AND(AC16<>"",AC16<>"No assignment",AC16<>"Unassigned") -> 1 | AM16: {=IF(OR(AB16="",NOT(ISNUMBER('Sales Dashboard'!BF15))),0,SUMPRODUCT((IFERROR(--'Sales and count'!$G$2:$CC$2,0)=$F$4)*('Sales and count'!$G$3:$CC$3="Total"),INDEX('Sales and count'!$G$4:$CC$300,'Sales Dashboard'!BF15,0)))} -> 2753.18 | AN16: {=IF(OR(AB16="",NOT(ISNUMBER('Sales Dashboard'!BG15))),0,SUMPRODUCT(('TY Sales Target'!$K$2:$AO$2=$F$4)*1,INDEX('TY Sales Target'!$K$5:$AO$300,'Sales Dashboard'!BG15,0)))} -> 5170.5251 | AO16: {=IF(AB16="",0,SUMPRODUCT((TRIM('LY Sales '!$B$5:$B$200)=AB16)*('LY Sales '!$C$2:$AG$2=EDATE($F$4,-12)),'LY Sales '!$C$5:$AG$200))} -> 9586.24 | AP16: =--AND(AB16<>"",AN16>0) -> 1 | AQ16: =--AND(AP16=1,AM16>=AN16*$L$4) -> 0 | AR16: =--AND(AB16<>"",AO16>0) -> 1 | AS16: =--AND(AR16=1,AM16>=AO16*$O$4) -> 0 | AU16: 46306
A17: {=IFERROR(INDEX(_xlfn._xlws.SORT(_xlfn.UNIQUE(_xlfn._xlws.FILTER($AC$7:$AC$303,$AL$7:$AL$303=1))),ROWS($A$16:A17)),"")} -> Ahmed Jaffari | B17: =IF($A17="","",COUNTIFS($AC$7:$AC$303,$A17,$AL$7:$AL$303,1)) -> 15 | C17: =IF($A17="","",SUMIFS($AE$7:$AE$303,$AC$7:$AC$303,$A17,$AL$7:$AL$303,1)) -> 121908.92 | D17: =IF($A17="","",SUMIFS($AF$7:$AF$303,$AC$7:$AC$303,$A17,$AL$7:$AL$303,1)) -> 190986.99 | E17: =IF(OR($A17="",N(D17)=0),"",C17/D17) -> 0.63831007 | F17: =IF(OR($A17="",N(D17)=0),"",IF(C17>=D17*$L$4,"✔ Yes","✘ No")) -> ✘ No | G17: =IF($A17="","",COUNTIFS($AC$7:$AC$303,$A17,$AH$7:$AH$303,1,$AL$7:$AL$303,1)) -> 15 | H17: =IF($A17="","",COUNTIFS($AC$7:$AC$303,$A17,$AI$7:$AI$303,1,$AL$7:$AL$303,1)) -> 2 | I17: =IF($A17="","",H17&" of "&G17) -> 2 of 15 | J17: =IF($A17="","",COUNTIFS($AC$7:$AC$303,$A17,$AJ$7:$AJ$303,1,$AL$7:$AL$303,1)) -> 7 | K17: =IF($A17="","",SUMIFS($AE$7:$AE$303,$AC$7:$AC$303,$A17,$AJ$7:$AJ$303,1,$AL$7:$AL$303,1)) -> 73202.77 | L17: =IF($A17="","",SUMIFS($AG$7:$AG$303,$AC$7:$AC$303,$A17,$AJ$7:$AJ$303,1,$AL$7:$AL$303,1)) -> 114982.21 | M17: =IF(OR($A17="",N(L17)=0),"",K17/L17-1) -> -0.36335569 | N17: =IF(OR($A17="",N(L17)=0),"",IF(K17>=L17*$O$4,"✔ Yes","✘ No")) -> ✘ No | O17: =IF($A17="","",COUNTIFS($AC$7:$AC$303,$A17,$AK$7:$AK$303,1,$AL$7:$AL$303,1)) -> 1 | P17: =IF($A17="","",O17&" of "&J17) -> 1 of 7 | Q17: =IF($A17="","",SUMIFS($AM$7:$AM$303,$AC$7:$AC$303,$A17,$AL$7:$AL$303,1)) -> 37383.42 | R17: =IF(OR($A17="",N(Q17)=0),"",C17/Q17-1) -> 2.2610425 | S17: =IF($A17="","",IFERROR(Q17/SUMIFS($AN$7:$AN$303,$AC$7:$AC$303,$A17,$AL$7:$AL$303,1),"")) -> 0.28191642 | T17: =IF(OR(E17="",S17=""),"",(E17-S17)*100) -> 35.639366 | U17: =IF(S17="","",IF(S17>=$L$4,"✔ Yes","✘ No")) -> ✘ No | V17: =IF($A17="","",COUNTIFS($AC$7:$AC$303,$A17,$AQ$7:$AQ$303,1,$AL$7:$AL$303,1)&" of "&COUNTIFS($AC$7:$AC$303,$A17,$AP$7:$AP$303,1,$AL$7:$AL$303,1)) -> 0 of 15 | W17: =IF($A17="","",IFERROR(SUMIFS($AM$7:$AM$303,$AC$7:$AC$303,$A17,$AR$7:$AR$303,1,$AL$7:$AL$303,1)/SUMIFS($AO$7:$AO$303,$AC$7:$AC$303,$A17,$AR$7:$AR$303,1,$AL$7:$AL$303,1)-1,"")) -> -0.31490518 | X17: =IF($A17="","",COUNTIFS($AC$7:$AC$303,$A17,$AS$7:$AS$303,1,$AL$7:$AL$303,1)&" of "&COUNTIFS($AC$7:$AC$303,$A17,$AR$7:$AR$303,1,$AL$7:$AL$303,1)) -> 2 of 8 | AB17: =IF('Sales Dashboard'!AW16="","",'Sales Dashboard'!AW16) -> HAMAHMAL | AC17: =IF(AB17="","",'Sales Dashboard'!AN16) -> Ahlam Al Zahrani | AD17: =IF(AB17="","",'Sales Dashboard'!AO16) -> Jeddah | AE17: {=IF(OR(AB17="",NOT(ISNUMBER('Sales Dashboard'!BF16))),0,SUMPRODUCT((IFERROR(--'Sales and count'!$G$2:$CC$2,0)=$C$4)*('Sales and count'!$G$3:$CC$3="Total"),INDEX('Sales and count'!$G$4:$CC$300,'Sales Dashboard'!BF16,0)))} -> 9670.21 | AF17: {=IF(OR(AB17="",NOT(ISNUMBER('Sales Dashboard'!BG16))),0,SUMPRODUCT(('TY Sales Target'!$K$2:$AO$2=$C$4)*1,INDEX('TY Sales Target'!$K$5:$AO$300,'Sales Dashboard'!BG16,0)))} -> 11905.025 | AG17: {=IF(AB17="",0,SUMPRODUCT((TRIM('LY Sales '!$B$5:$B$200)=AB17)*('LY Sales '!$C$2:$AG$2=EDATE($C$4,-12)),'LY Sales '!$C$5:$AG$200))} -> 0 | AH17: =--AND(AB17<>"",AF17>0) -> 1 | AI17: =--AND(AH17=1,AE17>=AF17*$L$4) -> 1 | AJ17: =--AND(AB17<>"",AG17>0) -> 0 | AK17: =--AND(AJ17=1,AE17>=AG17*$O$4) -> 0 | AL17: =--AND(AC17<>"",AC17<>"No assignment",AC17<>"Unassigned") -> 1 | AM17: {=IF(OR(AB17="",NOT(ISNUMBER('Sales Dashboard'!BF16))),0,SUMPRODUCT((IFERROR(--'Sales and count'!$G$2:$CC$2,0)=$F$4)*('Sales and count'!$G$3:$CC$3="Total"),INDEX('Sales and count'!$G$4:$CC$300,'Sales Dashboard'!BF16,0)))} -> 5586.2 | AN17: {=IF(OR(AB17="",NOT(ISNUMBER('Sales Dashboard'!BG16))),0,SUMPRODUCT(('TY Sales Target'!$K$2:$AO$2=$F$4)*1,INDEX('TY Sales Target'!$K$5:$AO$300,'Sales Dashboard'!BG16,0)))} -> 8265.8054 | AO17: {=IF(AB17="",0,SUMPRODUCT((TRIM('LY Sales '!$B$5:$B$200)=AB17)*('LY Sales '!$C$2:$AG$2=EDATE($F$4,-12)),'LY Sales '!$C$5:$AG$200))} -> 0 | AP17: =--AND(AB17<>"",AN17>0) -> 1 | AQ17: =--AND(AP17=1,AM17>=AN17*$L$4) -> 0 | AR17: =--AND(AB17<>"",AO17>0) -> 0 | AS17: =--AND(AR17=1,AM17>=AO17*$O$4) -> 0 | AU17: 46307
A18: {=IFERROR(INDEX(_xlfn._xlws.SORT(_xlfn.UNIQUE(_xlfn._xlws.FILTER($AC$7:$AC$303,$AL$7:$AL$303=1))),ROWS($A$16:A18)),"")} -> Hamzah Al Makhadam | B18: =IF($A18="","",COUNTIFS($AC$7:$AC$303,$A18,$AL$7:$AL$303,1)) -> 17 | C18: =IF($A18="","",SUMIFS($AE$7:$AE$303,$AC$7:$AC$303,$A18,$AL$7:$AL$303,1)) -> 192745.74 | D18: =IF($A18="","",SUMIFS($AF$7:$AF$303,$AC$7:$AC$303,$A18,$AL$7:$AL$303,1)) -> 269610.81 | E18: =IF(OR($A18="",N(D18)=0),"",C18/D18) -> 0.7149036 | F18: =IF(OR($A18="",N(D18)=0),"",IF(C18>=D18*$L$4,"✔ Yes","✘ No")) -> ✘ No | G18: =IF($A18="","",COUNTIFS($AC$7:$AC$303,$A18,$AH$7:$AH$303,1,$AL$7:$AL$303,1)) -> 17 | H18: =IF($A18="","",COUNTIFS($AC$7:$AC$303,$A18,$AI$7:$AI$303,1,$AL$7:$AL$303,1)) -> 3 | I18: =IF($A18="","",H18&" of "&G18) -> 3 of 17 | J18: =IF($A18="","",COUNTIFS($AC$7:$AC$303,$A18,$AJ$7:$AJ$303,1,$AL$7:$AL$303,1)) -> 13 | K18: =IF($A18="","",SUMIFS($AE$7:$AE$303,$AC$7:$AC$303,$A18,$AJ$7:$AJ$303,1,$AL$7:$AL$303,1)) -> 168230.21 | L18: =IF($A18="","",SUMIFS($AG$7:$AG$303,$AC$7:$AC$303,$A18,$AJ$7:$AJ$303,1,$AL$7:$AL$303,1)) -> 183964.16 | M18: =IF(OR($A18="",N(L18)=0),"",K18/L18-1) -> -0.085527257 | N18: =IF(OR($A18="",N(L18)=0),"",IF(K18>=L18*$O$4,"✔ Yes","✘ No")) -> ✘ No | O18: =IF($A18="","",COUNTIFS($AC$7:$AC$303,$A18,$AK$7:$AK$303,1,$AL$7:$AL$303,1)) -> 7 | P18: =IF($A18="","",O18&" of "&J18) -> 7 of 13 | Q18: =IF($A18="","",SUMIFS($AM$7:$AM$303,$AC$7:$AC$303,$A18,$AL$7:$AL$303,1)) -> 87053.21 | R18: =IF(OR($A18="",N(Q18)=0),"",C18/Q18-1) -> 1.2141141 | S18: =IF($A18="","",IFERROR(Q18/SUMIFS($AN$7:$AN$303,$AC$7:$AC$303,$A18,$AL$7:$AL$303,1),"")) -> 0.46504246 | T18: =IF(OR(E18="",S18=""),"",(E18-S18)*100) -> 24.986114 | U18: =IF(S18="","",IF(S18>=$L$4,"✔ Yes","✘ No")) -> ✘ No | V18: =IF($A18="","",COUNTIFS($AC$7:$AC$303,$A18,$AQ$7:$AQ$303,1,$AL$7:$AL$303,1)&" of "&COUNTIFS($AC$7:$AC$303,$A18,$AP$7:$AP$303,1,$AL$7:$AL$303,1)) -> 0 of 17 | W18: =IF($A18="","",IFERROR(SUMIFS($AM$7:$AM$303,$AC$7:$AC$303,$A18,$AR$7:$AR$303,1,$AL$7:$AL$303,1)/SUMIFS($AO$7:$AO$303,$AC$7:$AC$303,$A18,$AR$7:$AR$303,1,$AL$7:$AL$303,1)-1,"")) -> -0.20141824 | X18: =IF($A18="","",COUNTIFS($AC$7:$AC$303,$A18,$AS$7:$AS$303,1,$AL$7:$AL$303,1)&" of "&COUNTIFS($AC$7:$AC$303,$A18,$AR$7:$AR$303,1,$AL$7:$AL$303,1)) -> 6 of 13 | AB18: =IF('Sales Dashboard'!AW17="","",'Sales Dashboard'!AW17) -> HAMANRMAD | AC18: =IF(AB18="","",'Sales Dashboard'!AN17) -> Mohammed Haidar | AD18: =IF(AB18="","",'Sales Dashboard'!AO17) -> Madinah | AE18: {=IF(OR(AB18="",NOT(ISNUMBER('Sales Dashboard'!BF17))),0,SUMPRODUCT((IFERROR(--'Sales and count'!$G$2:$CC$2,0)=$C$4)*('Sales and count'!$G$3:$CC$3="Total"),INDEX('Sales and count'!$G$4:$CC$300,'Sales Dashboard'!BF17,0)))} -> 1802.04 | AF18: {=IF(OR(AB18="",NOT(ISNUMBER('Sales Dashboard'!BG17))),0,SUMPRODUCT(('TY Sales Target'!$K$2:$AO$2=$C$4)*1,INDEX('TY Sales Target'!$K$5:$AO$300,'Sales Dashboard'!BG17,0)))} -> 4964.6486 | AG18: {=IF(AB18="",0,SUMPRODUCT((TRIM('LY Sales '!$B$5:$B$200)=AB18)*('LY Sales '!$C$2:$AG$2=EDATE($C$4,-12)),'LY Sales '!$C$5:$AG$200))} -> 0 | AH18: =--AND(AB18<>"",AF18>0) -> 1 | AI18: =--AND(AH18=1,AE18>=AF18*$L$4) -> 0 | AJ18: =--AND(AB18<>"",AG18>0) -> 0 | AK18: =--AND(AJ18=1,AE18>=AG18*$O$4) -> 0 | AL18: =--AND(AC18<>"",AC18<>"No assignment",AC18<>"Unassigned") -> 1 | AM18: {=IF(OR(AB18="",NOT(ISNUMBER('Sales Dashboard'!BF17))),0,SUMPRODUCT((IFERROR(--'Sales and count'!$G$2:$CC$2,0)=$F$4)*('Sales and count'!$G$3:$CC$3="Total"),INDEX('Sales and count'!$G$4:$CC$300,'Sales Dashboard'!BF17,0)))} -> 2532 | AN18: {=IF(OR(AB18="",NOT(ISNUMBER('Sales Dashboard'!BG17))),0,SUMPRODUCT(('TY Sales Target'!$K$2:$AO$2=$F$4)*1,INDEX('TY Sales Target'!$K$5:$AO$300,'Sales Dashboard'!BG17,0)))} -> 3447.0167 | AO18: {=IF(AB18="",0,SUMPRODUCT((TRIM('LY Sales '!$B$5:$B$200)=AB18)*('LY Sales '!$C$2:$AG$2=EDATE($F$4,-12)),'LY Sales '!$C$5:$AG$200))} -> 0 | AP18: =--AND(AB18<>"",AN18>0) -> 1 | AQ18: =--AND(AP18=1,AM18>=AN18*$L$4) -> 0 | AR18: =--AND(AB18<>"",AO18>0) -> 0 | AS18: =--AND(AR18=1,AM18>=AO18*$O$4) -> 0 | AU18: 46308
A19: {=IFERROR(INDEX(_xlfn._xlws.SORT(_xlfn.UNIQUE(_xlfn._xlws.FILTER($AC$7:$AC$303,$AL$7:$AL$303=1))),ROWS($A$16:A19)),"")} -> Lina Al Ghathami | B19: =IF($A19="","",COUNTIFS($AC$7:$AC$303,$A19,$AL$7:$AL$303,1)) -> 15 | C19: =IF($A19="","",SUMIFS($AE$7:$AE$303,$AC$7:$AC$303,$A19,$AL$7:$AL$303,1)) -> 118982.22 | D19: =IF($A19="","",SUMIFS($AF$7:$AF$303,$AC$7:$AC$303,$A19,$AL$7:$AL$303,1)) -> 188605.99 | E19: =IF(OR($A19="",N(D19)=0),"",C19/D19) -> 0.63085071 | F19: =IF(OR($A19="",N(D19)=0),"",IF(C19>=D19*$L$4,"✔ Yes","✘ No")) -> ✘ No | G19: =IF($A19="","",COUNTIFS($AC$7:$AC$303,$A19,$AH$7:$AH$303,1,$AL$7:$AL$303,1)) -> 15 | H19: =IF($A19="","",COUNTIFS($AC$7:$AC$303,$A19,$AI$7:$AI$303,1,$AL$7:$AL$303,1)) -> 2 | I19: =IF($A19="","",H19&" of "&G19) -> 2 of 15 | J19: =IF($A19="","",COUNTIFS($AC$7:$AC$303,$A19,$AJ$7:$AJ$303,1,$AL$7:$AL$303,1)) -> 9 | K19: =IF($A19="","",SUMIFS($AE$7:$AE$303,$AC$7:$AC$303,$A19,$AJ$7:$AJ$303,1,$AL$7:$AL$303,1)) -> 80793.48 | L19: =IF($A19="","",SUMIFS($AG$7:$AG$303,$AC$7:$AC$303,$A19,$AJ$7:$AJ$303,1,$AL$7:$AL$303,1)) -> 128547.69 | M19: =IF(OR($A19="",N(L19)=0),"",K19/L19-1) -> -0.37149022 | N19: =IF(OR($A19="",N(L19)=0),"",IF(K19>=L19*$O$4,"✔ Yes","✘ No")) -> ✘ No | O19: =IF($A19="","",COUNTIFS($AC$7:$AC$303,$A19,$AK$7:$AK$303,1,$AL$7:$AL$303,1)) -> 2 | P19: =IF($A19="","",O19&" of "&J19) -> 2 of 9 | Q19: =IF($A19="","",SUMIFS($AM$7:$AM$303,$AC$7:$AC$303,$A19,$AL$7:$AL$303,1)) -> 67339.65 | R19: =IF(OR($A19="",N(Q19)=0),"",C19/Q19-1) -> 0.76689692 | S19: =IF($A19="","",IFERROR(Q19/SUMIFS($AN$7:$AN$303,$AC$7:$AC$303,$A19,$AL$7:$AL$303,1),"")) -> 0.51423367 | T19: =IF(OR(E19="",S19=""),"",(E19-S19)*100) -> 11.661704 | U19: =IF(S19="","",IF(S19>=$L$4,"✔ Yes","✘ No")) -> ✘ No | V19: =IF($A19="","",COUNTIFS($AC$7:$AC$303,$A19,$AQ$7:$AQ$303,1,$AL$7:$AL$303,1)&" of "&COUNTIFS($AC$7:$AC$303,$A19,$AP$7:$AP$303,1,$AL$7:$AL$303,1)) -> 1 of 15 | W19: =IF($A19="","",IFERROR(SUMIFS($AM$7:$AM$303,$AC$7:$AC$303,$A19,$AR$7:$AR$303,1,$AL$7:$AL$303,1)/SUMIFS($AO$7:$AO$303,$AC$7:$AC$303,$A19,$AR$7:$AR$303,1,$AL$7:$AL$303,1)-1,"")) -> -0.21294277 | X19: =IF($A19="","",COUNTIFS($AC$7:$AC$303,$A19,$AS$7:$AS$303,1,$AL$7:$AL$303,1)&" of "&COUNTIFS($AC$7:$AC$303,$A19,$AR$7:$AR$303,1,$AL$7:$AL$303,1)) -> 4 of 10 | AB19: =IF('Sales Dashboard'!AW18="","",'Sales Dashboard'!AW18) -> HANJFRONT | AC19: =IF(AB19="","",'Sales Dashboard'!AN18) -> Ahmed Jaffari | AD19: =IF(AB19="","",'Sales Dashboard'!AO18) -> Najran | AE19: {=IF(OR(AB19="",NOT(ISNUMBER('Sales Dashboard'!BF18))),0,SUMPRODUCT((IFERROR(--'Sales and count'!$G$2:$CC$2,0)=$C$4)*('Sales and count'!$G$3:$CC$3="Total"),INDEX('Sales and count'!$G$4:$CC$300,'Sales Dashboard'!BF18,0)))} -> 2380.1 | AF19: {=IF(OR(AB19="",NOT(ISNUMBER('Sales Dashboard'!BG18))),0,SUMPRODUCT(('TY Sales Target'!$K$2:$AO$2=$C$4)*1,INDEX('TY Sales Target'!$K$5:$AO$300,'Sales Dashboard'!BG18,0)))} -> 3039.5807 | AG19: {=IF(AB19="",0,SUMPRODUCT((TRIM('LY Sales '!$B$5:$B$200)=AB19)*('LY Sales '!$C$2:$AG$2=EDATE($C$4,-12)),'LY Sales '!$C$5:$AG$200))} -> 0 | AH19: =--AND(AB19<>"",AF19>0) -> 1 | AI19: =--AND(AH19=1,AE19>=AF19*$L$4) -> 0 | AJ19: =--AND(AB19<>"",AG19>0) -> 0 | AK19: =--AND(AJ19=1,AE19>=AG19*$O$4) -> 0 | AL19: =--AND(AC19<>"",AC19<>"No assignment",AC19<>"Unassigned") -> 1 | AM19: {=IF(OR(AB19="",NOT(ISNUMBER('Sales Dashboard'!BF18))),0,SUMPRODUCT((IFERROR(--'Sales and count'!$G$2:$CC$2,0)=$F$4)*('Sales and count'!$G$3:$CC$3="Total"),INDEX('Sales and count'!$G$4:$CC$300,'Sales Dashboard'!BF18,0)))} -> 1419.11 | AN19: {=IF(OR(AB19="",NOT(ISNUMBER('Sales Dashboard'!BG18))),0,SUMPRODUCT(('TY Sales Target'!$K$2:$AO$2=$F$4)*1,INDEX('TY Sales Target'!$K$5:$AO$300,'Sales Dashboard'!BG18,0)))} -> 2110.4184 | AO19: {=IF(AB19="",0,SUMPRODUCT((TRIM('LY Sales '!$B$5:$B$200)=AB19)*('LY Sales '!$C$2:$AG$2=EDATE($F$4,-12)),'LY Sales '!$C$5:$AG$200))} -> 0 | AP19: =--AND(AB19<>"",AN19>0) -> 1 | AQ19: =--AND(AP19=1,AM19>=AN19*$L$4) -> 0 | AR19: =--AND(AB19<>"",AO19>0) -> 0 | AS19: =--AND(AR19=1,AM19>=AO19*$O$4) -> 0 | AU19: 46309
A20: {=IFERROR(INDEX(_xlfn._xlws.SORT(_xlfn.UNIQUE(_xlfn._xlws.FILTER($AC$7:$AC$303,$AL$7:$AL$303=1))),ROWS($A$16:A20)),"")} -> Maram Zamzami | B20: =IF($A20="","",COUNTIFS($AC$7:$AC$303,$A20,$AL$7:$AL$303,1)) -> 12 | C20: =IF($A20="","",SUMIFS($AE$7:$AE$303,$AC$7:$AC$303,$A20,$AL$7:$AL$303,1)) -> 134984.1 | D20: =IF($A20="","",SUMIFS($AF$7:$AF$303,$AC$7:$AC$303,$A20,$AL$7:$AL$303,1)) -> 216570.13 | E20: =IF(OR($A20="",N(D20)=0),"",C20/D20) -> 0.62328125 | F20: =IF(OR($A20="",N(D20)=0),"",IF(C20>=D20*$L$4,"✔ Yes","✘ No")) -> ✘ No | G20: =IF($A20="","",COUNTIFS($AC$7:$AC$303,$A20,$AH$7:$AH$303,1,$AL$7:$AL$303,1)) -> 12 | H20: =IF($A20="","",COUNTIFS($AC$7:$AC$303,$A20,$AI$7:$AI$303,1,$AL$7:$AL$303,1)) -> 2 | I20: =IF($A20="","",H20&" of "&G20) -> 2 of 12 | J20: =IF($A20="","",COUNTIFS($AC$7:$AC$303,$A20,$AJ$7:$AJ$303,1,$AL$7:$AL$303,1)) -> 5 | K20: =IF($A20="","",SUMIFS($AE$7:$AE$303,$AC$7:$AC$303,$A20,$AJ$7:$AJ$303,1,$AL$7:$AL$303,1)) -> 45473.05 | L20: =IF($A20="","",SUMIFS($AG$7:$AG$303,$AC$7:$AC$303,$A20,$AJ$7:$AJ$303,1,$AL$7:$AL$303,1)) -> 73622.34 | M20: =IF(OR($A20="",N(L20)=0),"",K20/L20-1) -> -0.38234712 | N20: =IF(OR($A20="",N(L20)=0),"",IF(K20>=L20*$O$4,"✔ Yes","✘ No")) -> ✘ No | O20: =IF($A20="","",COUNTIFS($AC$7:$AC$303,$A20,$AK$7:$AK$303,1,$AL$7:$AL$303,1)) -> 1 | P20: =IF($A20="","",O20&" of "&J20) -> 1 of 5 | Q20: =IF($A20="","",SUMIFS($AM$7:$AM$303,$AC$7:$AC$303,$A20,$AL$7:$AL$303,1)) -> 64601.89 | R20: =IF(OR($A20="",N(Q20)=0),"",C20/Q20-1) -> 1.089476 | S20: =IF($A20="","",IFERROR(Q20/SUMIFS($AN$7:$AN$303,$AC$7:$AC$303,$A20,$AL$7:$AL$303,1),"")) -> 0.42962722 | T20: =IF(OR(E20="",S20=""),"",(E20-S20)*100) -> 19.365403 | U20: =IF(S20="","",IF(S20>=$L$4,"✔ Yes","✘ No")) -> ✘ No | V20: =IF($A20="","",COUNTIFS($AC$7:$AC$303,$A20,$AQ$7:$AQ$303,1,$AL$7:$AL$303,1)&" of "&COUNTIFS($AC$7:$AC$303,$A20,$AP$7:$AP$303,1,$AL$7:$AL$303,1)) -> 0 of 12 | W20: =IF($A20="","",IFERROR(SUMIFS($AM$7:$AM$303,$AC$7:$AC$303,$A20,$AR$7:$AR$303,1,$AL$7:$AL$303,1)/SUMIFS($AO$7:$AO$303,$AC$7:$AC$303,$A20,$AR$7:$AR$303,1,$AL$7:$AL$303,1)-1,"")) -> -0.36207281 | X20: =IF($A20="","",COUNTIFS($AC$7:$AC$303,$A20,$AS$7:$AS$303,1,$AL$7:$AL$303,1)&" of "&COUNTIFS($AC$7:$AC$303,$A20,$AR$7:$AR$303,1,$AL$7:$AL$303,1)) -> 1 of 6 | AB20: =IF('Sales Dashboard'!AW19="","",'Sales Dashboard'!AW19) -> HADARALEMN | AC20: =IF(AB20="","",'Sales Dashboard'!AN19) -> Mohammed Haidar | AD20: =IF(AB20="","",'Sales Dashboard'!AO19) -> Madinah | AE20: {=IF(OR(AB20="",NOT(ISNUMBER('Sales Dashboard'!BF19))),0,SUMPRODUCT((IFERROR(--'Sales and count'!$G$2:$CC$2,0)=$C$4)*('Sales and count'!$G$3:$CC$3="Total"),INDEX('Sales and count'!$G$4:$CC$300,'Sales Dashboard'!BF19,0)))} -> 9144.24 | AF20: {=IF(OR(AB20="",NOT(ISNUMBER('Sales Dashboard'!BG19))),0,SUMPRODUCT(('TY Sales Target'!$K$2:$AO$2=$C$4)*1,INDEX('TY Sales Target'!$K$5:$AO$300,'Sales Dashboard'!BG19,0)))} -> 15552.521 | AG20: {=IF(AB20="",0,SUMPRODUCT((TRIM('LY Sales '!$B$5:$B$200)=AB20)*('LY Sales '!$C$2:$AG$2=EDATE($C$4,-12)),'LY Sales '!$C$5:$AG$200))} -> 0 | AH20: =--AND(AB20<>"",AF20>0) -> 1 | AI20: =--AND(AH20=1,AE20>=AF20*$L$4) -> 0 | AJ20: =--AND(AB20<>"",AG20>0) -> 0 | AK20: =--AND(AJ20=1,AE20>=AG20*$O$4) -> 0 | AL20: =--AND(AC20<>"",AC20<>"No assignment",AC20<>"Unassigned") -> 1 | AM20: {=IF(OR(AB20="",NOT(ISNUMBER('Sales Dashboard'!BF19))),0,SUMPRODUCT((IFERROR(--'Sales and count'!$G$2:$CC$2,0)=$F$4)*('Sales and count'!$G$3:$CC$3="Total"),INDEX('Sales and count'!$G$4:$CC$300,'Sales Dashboard'!BF19,0)))} -> 10233.69 | AN20: {=IF(OR(AB20="",NOT(ISNUMBER('Sales Dashboard'!BG19))),0,SUMPRODUCT(('TY Sales Target'!$K$2:$AO$2=$F$4)*1,INDEX('TY Sales Target'!$K$5:$AO$300,'Sales Dashboard'!BG19,0)))} -> 10798.307 | AO20: {=IF(AB20="",0,SUMPRODUCT((TRIM('LY Sales '!$B$5:$B$200)=AB20)*('LY Sales '!$C$2:$AG$2=EDATE($F$4,-12)),'LY Sales '!$C$5:$AG$200))} -> 0 | AP20: =--AND(AB20<>"",AN20>0) -> 1 | AQ20: =--AND(AP20=1,AM20>=AN20*$L$4) -> 1 | AR20: =--AND(AB20<>"",AO20>0) -> 0 | AS20: =--AND(AR20=1,AM20>=AO20*$O$4) -> 0 | AU20: 46310
A21: {=IFERROR(INDEX(_xlfn._xlws.SORT(_xlfn.UNIQUE(_xlfn._xlws.FILTER($AC$7:$AC$303,$AL$7:$AL$303=1))),ROWS($A$16:A21)),"")} -> Mohammed Haidar | B21: =IF($A21="","",COUNTIFS($AC$7:$AC$303,$A21,$AL$7:$AL$303,1)) -> 13 | C21: =IF($A21="","",SUMIFS($AE$7:$AE$303,$AC$7:$AC$303,$A21,$AL$7:$AL$303,1)) -> 61791.21 | D21: =IF($A21="","",SUMIFS($AF$7:$AF$303,$AC$7:$AC$303,$A21,$AL$7:$AL$303,1)) -> 115453.41 | E21: =IF(OR($A21="",N(D21)=0),"",C21/D21) -> 0.53520473 | F21: =IF(OR($A21="",N(D21)=0),"",IF(C21>=D21*$L$4,"✔ Yes","✘ No")) -> ✘ No | G21: =IF($A21="","",COUNTIFS($AC$7:$AC$303,$A21,$AH$7:$AH$303,1,$AL$7:$AL$303,1)) -> 13 | H21: =IF($A21="","",COUNTIFS($AC$7:$AC$303,$A21,$AI$7:$AI$303,1,$AL$7:$AL$303,1)) -> 1 | I21: =IF($A21="","",H21&" of "&G21) -> 1 of 13 | J21: =IF($A21="","",COUNTIFS($AC$7:$AC$303,$A21,$AJ$7:$AJ$303,1,$AL$7:$AL$303,1)) -> 4 | K21: =IF($A21="","",SUMIFS($AE$7:$AE$303,$AC$7:$AC$303,$A21,$AJ$7:$AJ$303,1,$AL$7:$AL$303,1)) -> 21762.28 | L21: =IF($A21="","",SUMIFS($AG$7:$AG$303,$AC$7:$AC$303,$A21,$AJ$7:$AJ$303,1,$AL$7:$AL$303,1)) -> 43205.08 | M21: =IF(OR($A21="",N(L21)=0),"",K21/L21-1) -> -0.49630275 | N21: =IF(OR($A21="",N(L21)=0),"",IF(K21>=L21*$O$4,"✔ Yes","✘ No")) -> ✘ No | O21: =IF($A21="","",COUNTIFS($AC$7:$AC$303,$A21,$AK$7:$AK$303,1,$AL$7:$AL$303,1)) -> 0 | P21: =IF($A21="","",O21&" of "&J21) -> 0 of 4 | Q21: =IF($A21="","",SUMIFS($AM$7:$AM$303,$AC$7:$AC$303,$A21,$AL$7:$AL$303,1)) -> 56026.73 | R21: =IF(OR($A21="",N(Q21)=0),"",C21/Q21-1) -> 0.10288803 | S21: =IF($A21="","",IFERROR(Q21/SUMIFS($AN$7:$AN$303,$AC$7:$AC$303,$A21,$AL$7:$AL$303,1),"")) -> 0.69892993 | T21: =IF(OR(E21="",S21=""),"",(E21-S21)*100) -> -16.37252 | U21: =IF(S21="","",IF(S21>=$L$4,"✔ Yes","✘ No")) -> ✘ No | V21: =IF($A21="","",COUNTIFS($AC$7:$AC$303,$A21,$AQ$7:$AQ$303,1,$AL$7:$AL$303,1)&" of "&COUNTIFS($AC$7:$AC$303,$A21,$AP$7:$AP$303,1,$AL$7:$AL$303,1)) -> 3 of 13 | W21: =IF($A21="","",IFERROR(SUMIFS($AM$7:$AM$303,$AC$7:$AC$303,$A21,$AR$7:$AR$303,1,$AL$7:$AL$303,1)/SUMIFS($AO$7:$AO$303,$AC$7:$AC$303,$A21,$AR$7:$AR$303,1,$AL$7:$AL$303,1)-1,"")) -> -0.25829836 | X21: =IF($A21="","",COUNTIFS($AC$7:$AC$303,$A21,$AS$7:$AS$303,1,$AL$7:$AL$303,1)&" of "&COUNTIFS($AC$7:$AC$303,$A21,$AR$7:$AR$303,1,$AL$7:$AL$303,1)) -> 2 of 4 | AB21: =IF('Sales Dashboard'!AW20="","",'Sales Dashboard'!AW20) -> HASHKAVNUE | AC21: =IF(AB21="","",'Sales Dashboard'!AN20) -> Hamzah Al Makhadam | AD21: =IF(AB21="","",'Sales Dashboard'!AO20) -> Khobar | AE21: {=IF(OR(AB21="",NOT(ISNUMBER('Sales Dashboard'!BF20))),0,SUMPRODUCT((IFERROR(--'Sales and count'!$G$2:$CC$2,0)=$C$4)*('Sales and count'!$G$3:$CC$3="Total"),INDEX('Sales and count'!$G$4:$CC$300,'Sales Dashboard'!BF20,0)))} -> 34314.83 | AF21: {=IF(OR(AB21="",NOT(ISNUMBER('Sales Dashboard'!BG20))),0,SUMPRODUCT(('TY Sales Target'!$K$2:$AO$2=$C$4)*1,INDEX('TY Sales Target'!$K$5:$AO$300,'Sales Dashboard'!BG20,0)))} -> 43719.303 | AG21: {=IF(AB21="",0,SUMPRODUCT((TRIM('LY Sales '!$B$5:$B$200)=AB21)*('LY Sales '!$C$2:$AG$2=EDATE($C$4,-12)),'LY Sales '!$C$5:$AG$200))} -> 31505.57 | AH21: =--AND(AB21<>"",AF21>0) -> 1 | AI21: =--AND(AH21=1,AE21>=AF21*$L$4) -> 0 | AJ21: =--AND(AB21<>"",AG21>0) -> 1 | AK21: =--AND(AJ21=1,AE21>=AG21*$O$4) -> 1 | AL21: =--AND(AC21<>"",AC21<>"No assignment",AC21<>"Unassigned") -> 1 | AM21: {=IF(OR(AB21="",NOT(ISNUMBER('Sales Dashboard'!BF20))),0,SUMPRODUCT((IFERROR(--'Sales and count'!$G$2:$CC$2,0)=$F$4)*('Sales and count'!$G$3:$CC$3="Total"),INDEX('Sales and count'!$G$4:$CC$300,'Sales Dashboard'!BF20,0)))} -> 18766.22 | AN21: {=IF(OR(AB21="",NOT(ISNUMBER('Sales Dashboard'!BG20))),0,SUMPRODUCT(('TY Sales Target'!$K$2:$AO$2=$F$4)*1,INDEX('TY Sales Target'!$K$5:$AO$300,'Sales Dashboard'!BG20,0)))} -> 30354.851 | AO21: {=IF(AB21="",0,SUMPRODUCT((TRIM('LY Sales '!$B$5:$B$200)=AB21)*('LY Sales '!$C$2:$AG$2=EDATE($F$4,-12)),'LY Sales '!$C$5:$AG$200))} -> 22787.54 | AP21: =--AND(AB21<>"",AN21>0) -> 1 | AQ21: =--AND(AP21=1,AM21>=AN21*$L$4) -> 0 | AR21: =--AND(AB21<>"",AO21>0) -> 1 | AS21: =--AND(AR21=1,AM21>=AO21*$O$4) -> 0 | AU21: 46311
A22: {=IFERROR(INDEX(_xlfn._xlws.SORT(_xlfn.UNIQUE(_xlfn._xlws.FILTER($AC$7:$AC$303,$AL$7:$AL$303=1))),ROWS($A$16:A22)),"")} -> Mohammed Sanad | B22: =IF($A22="","",COUNTIFS($AC$7:$AC$303,$A22,$AL$7:$AL$303,1)) -> 15 | C22: =IF($A22="","",SUMIFS($AE$7:$AE$303,$AC$7:$AC$303,$A22,$AL$7:$AL$303,1)) -> 109737.22 | D22: =IF($A22="","",SUMIFS($AF$7:$AF$303,$AC$7:$AC$303,$A22,$AL$7:$AL$303,1)) -> 180145.82 | E22: =IF(OR($A22="",N(D22)=0),"",C22/D22) -> 0.60915774 | F22: =IF(OR($A22="",N(D22)=0),"",IF(C22>=D22*$L$4,"✔ Yes","✘ No")) -> ✘ No | G22: =IF($A22="","",COUNTIFS($AC$7:$AC$303,$A22,$AH$7:$AH$303,1,$AL$7:$AL$303,1)) -> 15 | H22: =IF($A22="","",COUNTIFS($AC$7:$AC$303,$A22,$AI$7:$AI$303,1,$AL$7:$AL$303,1)) -> 2 | I22: =IF($A22="","",H22&" of "&G22) -> 2 of 15 | J22: =IF($A22="","",COUNTIFS($AC$7:$AC$303,$A22,$AJ$7:$AJ$303,1,$AL$7:$AL$303,1)) -> 7 | K22: =IF($A22="","",SUMIFS($AE$7:$AE$303,$AC$7:$AC$303,$A22,$AJ$7:$AJ$303,1,$AL$7:$AL$303,1)) -> 59683.35 | L22: =IF($A22="","",SUMIFS($AG$7:$AG$303,$AC$7:$AC$303,$A22,$AJ$7:$AJ$303,1,$AL$7:$AL$303,1)) -> 99070.72 | M22: =IF(OR($A22="",N(L22)=0),"",K22/L22-1) -> -0.39756822 | N22: =IF(OR($A22="",N(L22)=0),"",IF(K22>=L22*$O$4,"✔ Yes","✘ No")) -> ✘ No | O22: =IF($A22="","",COUNTIFS($AC$7:$AC$303,$A22,$AK$7:$AK$303,1,$AL$7:$AL$303,1)) -> 0 | P22: =IF($A22="","",O22&" of "&J22) -> 0 of 7 | Q22: =IF($A22="","",SUMIFS($AM$7:$AM$303,$AC$7:$AC$303,$A22,$AL$7:$AL$303,1)) -> 53592.29 | R22: =IF(OR($A22="",N(Q22)=0),"",C22/Q22-1) -> 1.0476307 | S22: =IF($A22="","",IFERROR(Q22/SUMIFS($AN$7:$AN$303,$AC$7:$AC$303,$A22,$AL$7:$AL$303,1),"")) -> 0.42847279 | T22: =IF(OR(E22="",S22=""),"",(E22-S22)*100) -> 18.068495 | U22: =IF(S22="","",IF(S22>=$L$4,"✔ Yes","✘ No")) -> ✘ No | V22: =IF($A22="","",COUNTIFS($AC$7:$AC$303,$A22,$AQ$7:$AQ$303,1,$AL$7:$AL$303,1)&" of "&COUNTIFS($AC$7:$AC$303,$A22,$AP$7:$AP$303,1,$AL$7:$AL$303,1)) -> 0 of 15 | W22: =IF($A22="","",IFERROR(SUMIFS($AM$7:$AM$303,$AC$7:$AC$303,$A22,$AR$7:$AR$303,1,$AL$7:$AL$303,1)/SUMIFS($AO$7:$AO$303,$AC$7:$AC$303,$A22,$AR$7:$AR$303,1,$AL$7:$AL$303,1)-1,"")) -> -0.45349762 | X22: =IF($A22="","",COUNTIFS($AC$7:$AC$303,$A22,$AS$7:$AS$303,1,$AL$7:$AL$303,1)&" of "&COUNTIFS($AC$7:$AC$303,$A22,$AR$7:$AR$303,1,$AL$7:$AL$303,1)) -> 1 of 9 | AB22: =IF('Sales Dashboard'!AW21="","",'Sales Dashboard'!AW21) -> HAMAYASMAD | AC22: =IF(AB22="","",'Sales Dashboard'!AN21) -> Mohammed Haidar | AD22: =IF(AB22="","",'Sales Dashboard'!AO21) -> Madinah | AE22: {=IF(OR(AB22="",NOT(ISNUMBER('Sales Dashboard'!BF21))),0,SUMPRODUCT((IFERROR(--'Sales and count'!$G$2:$CC$2,0)=$C$4)*('Sales and count'!$G$3:$CC$3="Total"),INDEX('Sales and count'!$G$4:$CC$300,'Sales Dashboard'!BF21,0)))} -> 3502.08 | AF22: {=IF(OR(AB22="",NOT(ISNUMBER('Sales Dashboard'!BG21))),0,SUMPRODUCT(('TY Sales Target'!$K$2:$AO$2=$C$4)*1,INDEX('TY Sales Target'!$K$5:$AO$300,'Sales Dashboard'!BG21,0)))} -> 6839.0567 | AG22: {=IF(AB22="",0,SUMPRODUCT((TRIM('LY Sales '!$B$5:$B$200)=AB22)*('LY Sales '!$C$2:$AG$2=EDATE($C$4,-12)),'LY Sales '!$C$5:$AG$200))} -> 3546.08 | AH22: =--AND(AB22<>"",AF22>0) -> 1 | AI22: =--AND(AH22=1,AE22>=AF22*$L$4) -> 0 | AJ22: =--AND(AB22<>"",AG22>0) -> 1 | AK22: =--AND(AJ22=1,AE22>=AG22*$O$4) -> 0 | AL22: =--AND(AC22<>"",AC22<>"No assignment",AC22<>"Unassigned") -> 1 | AM22: {=IF(OR(AB22="",NOT(ISNUMBER('Sales Dashboard'!BF21))),0,SUMPRODUCT((IFERROR(--'Sales and count'!$G$2:$CC$2,0)=$F$4)*('Sales and count'!$G$3:$CC$3="Total"),INDEX('Sales and count'!$G$4:$CC$300,'Sales Dashboard'!BF21,0)))} -> 3774.24 | AN22: {=IF(OR(AB22="",NOT(ISNUMBER('Sales Dashboard'!BG21))),0,SUMPRODUCT(('TY Sales Target'!$K$2:$AO$2=$F$4)*1,INDEX('TY Sales Target'!$K$5:$AO$300,'Sales Dashboard'!BG21,0)))} -> 4748.4414 | AO22: {=IF(AB22="",0,SUMPRODUCT((TRIM('LY Sales '!$B$5:$B$200)=AB22)*('LY Sales '!$C$2:$AG$2=EDATE($F$4,-12)),'LY Sales '!$C$5:$AG$200))} -> 2972.06 | AP22: =--AND(AB22<>"",AN22>0) -> 1 | AQ22: =--AND(AP22=1,AM22>=AN22*$L$4) -> 0 | AR22: =--AND(AB22<>"",AO22>0) -> 1 | AS22: =--AND(AR22=1,AM22>=AO22*$O$4) -> 1 | AU22: 46312
A23: {=IFERROR(INDEX(_xlfn._xlws.SORT(_xlfn.UNIQUE(_xlfn._xlws.FILTER($AC$7:$AC$303,$AL$7:$AL$303=1))),ROWS($A$16:A23)),"")} -> Saleh Bin Hoiel | B23: =IF($A23="","",COUNTIFS($AC$7:$AC$303,$A23,$AL$7:$AL$303,1)) -> 14 | C23: =IF($A23="","",SUMIFS($AE$7:$AE$303,$AC$7:$AC$303,$A23,$AL$7:$AL$303,1)) -> 127723.26 | D23: =IF($A23="","",SUMIFS($AF$7:$AF$303,$AC$7:$AC$303,$A23,$AL$7:$AL$303,1)) -> 180173.37 | E23: =IF(OR($A23="",N(D23)=0),"",C23/D23) -> 0.70889089 | F23: =IF(OR($A23="",N(D23)=0),"",IF(C23>=D23*$L$4,"✔ Yes","✘ No")) -> ✘ No | G23: =IF($A23="","",COUNTIFS($AC$7:$AC$303,$A23,$AH$7:$AH$303,1,$AL$7:$AL$303,1)) -> 14 | H23: =IF($A23="","",COUNTIFS($AC$7:$AC$303,$A23,$AI$7:$AI$303,1,$AL$7:$AL$303,1)) -> 4 | I23: =IF($A23="","",H23&" of "&G23) -> 4 of 14 | J23: =IF($A23="","",COUNTIFS($AC$7:$AC$303,$A23,$AJ$7:$AJ$303,1,$AL$7:$AL$303,1)) -> 8 | K23: =IF($A23="","",SUMIFS($AE$7:$AE$303,$AC$7:$AC$303,$A23,$AJ$7:$AJ$303,1,$AL$7:$AL$303,1)) -> 92134.59 | L23: =IF($A23="","",SUMIFS($AG$7:$AG$303,$AC$7:$AC$303,$A23,$AJ$7:$AJ$303,1,$AL$7:$AL$303,1)) -> 111362.02 | M23: =IF(OR($A23="",N(L23)=0),"",K23/L23-1) -> -0.17265698 | N23: =IF(OR($A23="",N(L23)=0),"",IF(K23>=L23*$O$4,"✔ Yes","✘ No")) -> ✘ No | O23: =IF($A23="","",COUNTIFS($AC$7:$AC$303,$A23,$AK$7:$AK$303,1,$AL$7:$AL$303,1)) -> 2 | P23: =IF($A23="","",O23&" of "&J23) -> 2 of 8 | Q23: =IF($A23="","",SUMIFS($AM$7:$AM$303,$AC$7:$AC$303,$A23,$AL$7:$AL$303,1)) -> 50817.16 | R23: =IF(OR($A23="",N(Q23)=0),"",C23/Q23-1) -> 1.5133884 | S23: =IF($A23="","",IFERROR(Q23/SUMIFS($AN$7:$AN$303,$AC$7:$AC$303,$A23,$AL$7:$AL$303,1),"")) -> 0.40622338 | T23: =IF(OR(E23="",S23=""),"",(E23-S23)*100) -> 30.266751 | U23: =IF(S23="","",IF(S23>=$L$4,"✔ Yes","✘ No")) -> ✘ No | V23: =IF($A23="","",COUNTIFS($AC$7:$AC$303,$A23,$AQ$7:$AQ$303,1,$AL$7:$AL$303,1)&" of "&COUNTIFS($AC$7:$AC$303,$A23,$AP$7:$AP$303,1,$AL$7:$AL$303,1)) -> 2 of 14 | W23: =IF($A23="","",IFERROR(SUMIFS($AM$7:$AM$303,$AC$7:$AC$303,$A23,$AR$7:$AR$303,1,$AL$7:$AL$303,1)/SUMIFS($AO$7:$AO$303,$AC$7:$AC$303,$A23,$AR$7:$AR$303,1,$AL$7:$AL$303,1)-1,"")) -> -0.16554937 | X23: =IF($A23="","",COUNTIFS($AC$7:$AC$303,$A23,$AS$7:$AS$303,1,$AL$7:$AL$303,1)&" of "&COUNTIFS($AC$7:$AC$303,$A23,$AR$7:$AR$303,1,$AL$7:$AL$303,1)) -> 2 of 8 | AB23: =IF('Sales Dashboard'!AW22="","",'Sales Dashboard'!AW22) -> HAWADILABN | AC23: =IF(AB23="","",'Sales Dashboard'!AN22) -> Mohammed Sanad | AD23: =IF(AB23="","",'Sales Dashboard'!AO22) -> Riyadh | AE23: {=IF(OR(AB23="",NOT(ISNUMBER('Sales Dashboard'!BF22))),0,SUMPRODUCT((IFERROR(--'Sales and count'!$G$2:$CC$2,0)=$C$4)*('Sales and count'!$G$3:$CC$3="Total"),INDEX('Sales and count'!$G$4:$CC$300,'Sales Dashboard'!BF22,0)))} -> 9168.13 | AF23: {=IF(OR(AB23="",NOT(ISNUMBER('Sales Dashboard'!BG22))),0,SUMPRODUCT(('TY Sales Target'!$K$2:$AO$2=$C$4)*1,INDEX('TY Sales Target'!$K$5:$AO$300,'Sales Dashboard'!BG22,0)))} -> 14488.668 | AG23: {=IF(AB23="",0,SUMPRODUCT((TRIM('LY Sales '!$B$5:$B$200)=AB23)*('LY Sales '!$C$2:$AG$2=EDATE($C$4,-12)),'LY Sales '!$C$5:$AG$200))} -> 0 | AH23: =--AND(AB23<>"",AF23>0) -> 1 | AI23: =--AND(AH23=1,AE23>=AF23*$L$4) -> 0 | AJ23: =--AND(AB23<>"",AG23>0) -> 0 | AK23: =--AND(AJ23=1,AE23>=AG23*$O$4) -> 0 | AL23: =--AND(AC23<>"",AC23<>"No assignment",AC23<>"Unassigned") -> 1 | AM23: {=IF(OR(AB23="",NOT(ISNUMBER('Sales Dashboard'!BF22))),0,SUMPRODUCT((IFERROR(--'Sales and count'!$G$2:$CC$2,0)=$F$4)*('Sales and count'!$G$3:$CC$3="Total"),INDEX('Sales and count'!$G$4:$CC$300,'Sales Dashboard'!BF22,0)))} -> 3873.27 | AN23: {=IF(OR(AB23="",NOT(ISNUMBER('Sales Dashboard'!BG22))),0,SUMPRODUCT(('TY Sales Target'!$K$2:$AO$2=$F$4)*1,INDEX('TY Sales Target'!$K$5:$AO$300,'Sales Dashboard'!BG22,0)))} -> 10059.661 | AO23: {=IF(AB23="",0,SUMPRODUCT((TRIM('LY Sales '!$B$5:$B$200)=AB23)*('LY Sales '!$C$2:$AG$2=EDATE($F$4,-12)),'LY Sales '!$C$5:$AG$200))} -> 0 | AP23: =--AND(AB23<>"",AN23>0) -> 1 | AQ23: =--AND(AP23=1,AM23>=AN23*$L$4) -> 0 | AR23: =--AND(AB23<>"",AO23>0) -> 0 | AS23: =--AND(AR23=1,AM23>=AO23*$O$4) -> 0 | AU23: 46313
A24: {=IFERROR(INDEX(_xlfn._xlws.SORT(_xlfn.UNIQUE(_xlfn._xlws.FILTER($AC$7:$AC$303,$AL$7:$AL$303=1))),ROWS($A$16:A24)),"")} | B24: =IF($A24="","",COUNTIFS($AC$7:$AC$303,$A24,$AL$7:$AL$303,1)) | C24: =IF($A24="","",SUMIFS($AE$7:$AE$303,$AC$7:$AC$303,$A24,$AL$7:$AL$303,1)) | D24: =IF($A24="","",SUMIFS($AF$7:$AF$303,$AC$7:$AC$303,$A24,$AL$7:$AL$303,1)) | E24: =IF(OR($A24="",N(D24)=0),"",C24/D24) | F24: =IF(OR($A24="",N(D24)=0),"",IF(C24>=D24*$L$4,"✔ Yes","✘ No")) | G24: =IF($A24="","",COUNTIFS($AC$7:$AC$303,$A24,$AH$7:$AH$303,1,$AL$7:$AL$303,1)) | H24: =IF($A24="","",COUNTIFS($AC$7:$AC$303,$A24,$AI$7:$AI$303,1,$AL$7:$AL$303,1)) | I24: =IF($A24="","",H24&" of "&G24) | J24: =IF($A24="","",COUNTIFS($AC$7:$AC$303,$A24,$AJ$7:$AJ$303,1,$AL$7:$AL$303,1)) | K24: =IF($A24="","",SUMIFS($AE$7:$AE$303,$AC$7:$AC$303,$A24,$AJ$7:$AJ$303,1,$AL$7:$AL$303,1)) | L24: =IF($A24="","",SUMIFS($AG$7:$AG$303,$AC$7:$AC$303,$A24,$AJ$7:$AJ$303,1,$AL$7:$AL$303,1)) | M24: =IF(OR($A24="",N(L24)=0),"",K24/L24-1) | N24: =IF(OR($A24="",N(L24)=0),"",IF(K24>=L24*$O$4,"✔ Yes","✘ No")) | O24: =IF($A24="","",COUNTIFS($AC$7:$AC$303,$A24,$AK$7:$AK$303,1,$AL$7:$AL$303,1)) | P24: =IF($A24="","",O24&" of "&J24) | Q24: =IF($A24="","",SUMIFS($AM$7:$AM$303,$AC$7:$AC$303,$A24,$AL$7:$AL$303,1)) | R24: =IF(OR($A24="",N(Q24)=0),"",C24/Q24-1) | S24: =IF($A24="","",IFERROR(Q24/SUMIFS($AN$7:$AN$303,$AC$7:$AC$303,$A24,$AL$7:$AL$303,1),"")) | T24: =IF(OR(E24="",S24=""),"",(E24-S24)*100) | U24: =IF(S24="","",IF(S24>=$L$4,"✔ Yes","✘ No")) | V24: =IF($A24="","",COUNTIFS($AC$7:$AC$303,$A24,$AQ$7:$AQ$303,1,$AL$7:$AL$303,1)&" of "&COUNTIFS($AC$7:$AC$303,$A24,$AP$7:$AP$303,1,$AL$7:$AL$303,1)) | W24: =IF($A24="","",IFERROR(SUMIFS($AM$7:$AM$303,$AC$7:$AC$303,$A24,$AR$7:$AR$303,1,$AL$7:$AL$303,1)/SUMIFS($AO$7:$AO$303,$AC$7:$AC$303,$A24,$AR$7:$AR$303,1,$AL$7:$AL$303,1)-1,"")) | X24: =IF($A24="","",COUNTIFS($AC$7:$AC$303,$A24,$AS$7:$AS$303,1,$AL$7:$AL$303,1)&" of "&COUNTIFS($AC$7:$AC$303,$A24,$AR$7:$AR$303,1,$AL$7:$AL$303,1)) | AB24: =IF('Sales Dashboard'!AW23="","",'Sales Dashboard'!AW23) -> ALBUSTAN | AC24: =IF(AB24="","",'Sales Dashboard'!AN23) -> Hamzah Al Makhadam | AD24: =IF(AB24="","",'Sales Dashboard'!AO23) -> Al Hasa | AE24: {=IF(OR(AB24="",NOT(ISNUMBER('Sales Dashboard'!BF23))),0,SUMPRODUCT((IFERROR(--'Sales and count'!$G$2:$CC$2,0)=$C$4)*('Sales and count'!$G$3:$CC$3="Total"),INDEX('Sales and count'!$G$4:$CC$300,'Sales Dashboard'!BF23,0)))} -> 14865.32 | AF24: {=IF(OR(AB24="",NOT(ISNUMBER('Sales Dashboard'!BG23))),0,SUMPRODUCT(('TY Sales Target'!$K$2:$AO$2=$C$4)*1,INDEX('TY Sales Target'!$K$5:$AO$300,'Sales Dashboard'!BG23,0)))} -> 19250.678 | AG24: {=IF(AB24="",0,SUMPRODUCT((TRIM('LY Sales '!$B$5:$B$200)=AB24)*('LY Sales '!$C$2:$AG$2=EDATE($C$4,-12)),'LY Sales '!$C$5:$AG$200))} -> 20857.7 | AH24: =--AND(AB24<>"",AF24>0) -> 1 | AI24: =--AND(AH24=1,AE24>=AF24*$L$4) -> 0 | AJ24: =--AND(AB24<>"",AG24>0) -> 1 | AK24: =--AND(AJ24=1,AE24>=AG24*$O$4) -> 0 | AL24: =--AND(AC24<>"",AC24<>"No assignment",AC24<>"Unassigned") -> 1 | AM24: {=IF(OR(AB24="",NOT(ISNUMBER('Sales Dashboard'!BF23))),0,SUMPRODUCT((IFERROR(--'Sales and count'!$G$2:$CC$2,0)=$F$4)*('Sales and count'!$G$3:$CC$3="Total"),INDEX('Sales and count'!$G$4:$CC$300,'Sales Dashboard'!BF23,0)))} -> 4586.31 | AN24: {=IF(OR(AB24="",NOT(ISNUMBER('Sales Dashboard'!BG23))),0,SUMPRODUCT(('TY Sales Target'!$K$2:$AO$2=$F$4)*1,INDEX('TY Sales Target'!$K$5:$AO$300,'Sales Dashboard'!BG23,0)))} -> 13365.983 | AO24: {=IF(AB24="",0,SUMPRODUCT((TRIM('LY Sales '!$B$5:$B$200)=AB24)*('LY Sales '!$C$2:$AG$2=EDATE($F$4,-12)),'LY Sales '!$C$5:$AG$200))} -> 8321.19 | AP24: =--AND(AB24<>"",AN24>0) -> 1 | AQ24: =--AND(AP24=1,AM24>=AN24*$L$4) -> 0 | AR24: =--AND(AB24<>"",AO24>0) -> 1 | AS24: =--AND(AR24=1,AM24>=AO24*$O$4) -> 0 | AU24: 46314
A25: {=IFERROR(INDEX(_xlfn._xlws.SORT(_xlfn.UNIQUE(_xlfn._xlws.FILTER($AC$7:$AC$303,$AL$7:$AL$303=1))),ROWS($A$16:A25)),"")} | B25: =IF($A25="","",COUNTIFS($AC$7:$AC$303,$A25,$AL$7:$AL$303,1)) | C25: =IF($A25="","",SUMIFS($AE$7:$AE$303,$AC$7:$AC$303,$A25,$AL$7:$AL$303,1)) | D25: =IF($A25="","",SUMIFS($AF$7:$AF$303,$AC$7:$AC$303,$A25,$AL$7:$AL$303,1)) | E25: =IF(OR($A25="",N(D25)=0),"",C25/D25) | F25: =IF(OR($A25="",N(D25)=0),"",IF(C25>=D25*$L$4,"✔ Yes","✘ No")) | G25: =IF($A25="","",COUNTIFS($AC$7:$AC$303,$A25,$AH$7:$AH$303,1,$AL$7:$AL$303,1)) | H25: =IF($A25="","",COUNTIFS($AC$7:$AC$303,$A25,$AI$7:$AI$303,1,$AL$7:$AL$303,1)) | I25: =IF($A25="","",H25&" of "&G25) | J25: =IF($A25="","",COUNTIFS($AC$7:$AC$303,$A25,$AJ$7:$AJ$303,1,$AL$7:$AL$303,1)) | K25: =IF($A25="","",SUMIFS($AE$7:$AE$303,$AC$7:$AC$303,$A25,$AJ$7:$AJ$303,1,$AL$7:$AL$303,1)) | L25: =IF($A25="","",SUMIFS($AG$7:$AG$303,$AC$7:$AC$303,$A25,$AJ$7:$AJ$303,1,$AL$7:$AL$303,1)) | M25: =IF(OR($A25="",N(L25)=0),"",K25/L25-1) | N25: =IF(OR($A25="",N(L25)=0),"",IF(K25>=L25*$O$4,"✔ Yes","✘ No")) | O25: =IF($A25="","",COUNTIFS($AC$7:$AC$303,$A25,$AK$7:$AK$303,1,$AL$7:$AL$303,1)) | P25: =IF($A25="","",O25&" of "&J25) | Q25: =IF($A25="","",SUMIFS($AM$7:$AM$303,$AC$7:$AC$303,$A25,$AL$7:$AL$303,1)) | R25: =IF(OR($A25="",N(Q25)=0),"",C25/Q25-1) | S25: =IF($A25="","",IFERROR(Q25/SUMIFS($AN$7:$AN$303,$AC$7:$AC$303,$A25,$AL$7:$AL$303,1),"")) | T25: =IF(OR(E25="",S25=""),"",(E25-S25)*100) | U25: =IF(S25="","",IF(S25>=$L$4,"✔ Yes","✘ No")) | V25: =IF($A25="","",COUNTIFS($AC$7:$AC$303,$A25,$AQ$7:$AQ$303,1,$AL$7:$AL$303,1)&" of "&COUNTIFS($AC$7:$AC$303,$A25,$AP$7:$AP$303,1,$AL$7:$AL$303,1)) | W25: =IF($A25="","",IFERROR(SUMIFS($AM$7:$AM$303,$AC$7:$AC$303,$A25,$AR$7:$AR$303,1,$AL$7:$AL$303,1)/SUMIFS($AO$7:$AO$303,$AC$7:$AC$303,$A25,$AR$7:$AR$303,1,$AL$7:$AL$303,1)-1,"")) | X25: =IF($A25="","",COUNTIFS($AC$7:$AC$303,$A25,$AS$7:$AS$303,1,$AL$7:$AL$303,1)&" of "&COUNTIFS($AC$7:$AC$303,$A25,$AR$7:$AR$303,1,$AL$7:$AL$303,1)) | AB25: =IF('Sales Dashboard'!AW24="","",'Sales Dashboard'!AW24) -> Dubai | AC25: =IF(AB25="","",'Sales Dashboard'!AN24) | AD25: =IF(AB25="","",'Sales Dashboard'!AO24) -> Abu Dhabi | AE25: {=IF(OR(AB25="",NOT(ISNUMBER('Sales Dashboard'!BF24))),0,SUMPRODUCT((IFERROR(--'Sales and count'!$G$2:$CC$2,0)=$C$4)*('Sales and count'!$G$3:$CC$3="Total"),INDEX('Sales and count'!$G$4:$CC$300,'Sales Dashboard'!BF24,0)))} -> 151278.26 | AF25: {=IF(OR(AB25="",NOT(ISNUMBER('Sales Dashboard'!BG24))),0,SUMPRODUCT(('TY Sales Target'!$K$2:$AO$2=$C$4)*1,INDEX('TY Sales Target'!$K$5:$AO$300,'Sales Dashboard'!BG24,0)))} -> 0 | AG25: {=IF(AB25="",0,SUMPRODUCT((TRIM('LY Sales '!$B$5:$B$200)=AB25)*('LY Sales '!$C$2:$AG$2=EDATE($C$4,-12)),'LY Sales '!$C$5:$AG$200))} -> 0 | AH25: =--AND(AB25<>"",AF25>0) -> 0 | AI25: =--AND(AH25=1,AE25>=AF25*$L$4) -> 0 | AJ25: =--AND(AB25<>"",AG25>0) -> 0 | AK25: =--AND(AJ25=1,AE25>=AG25*$O$4) -> 0 | AL25: =--AND(AC25<>"",AC25<>"No assignment",AC25<>"Unassigned") -> 0 | AM25: {=IF(OR(AB25="",NOT(ISNUMBER('Sales Dashboard'!BF24))),0,SUMPRODUCT((IFERROR(--'Sales and count'!$G$2:$CC$2,0)=$F$4)*('Sales and count'!$G$3:$CC$3="Total"),INDEX('Sales and count'!$G$4:$CC$300,'Sales Dashboard'!BF24,0)))} -> 0 | AN25: {=IF(OR(AB25="",NOT(ISNUMBER('Sales Dashboard'!BG24))),0,SUMPRODUCT(('TY Sales Target'!$K$2:$AO$2=$F$4)*1,INDEX('TY Sales Target'!$K$5:$AO$300,'Sales Dashboard'!BG24,0)))} -> 0 | AO25: {=IF(AB25="",0,SUMPRODUCT((TRIM('LY Sales '!$B$5:$B$200)=AB25)*('LY Sales '!$C$2:$AG$2=EDATE($F$4,-12)),'LY Sales '!$C$5:$AG$200))} -> 0 | AP25: =--AND(AB25<>"",AN25>0) -> 0 | AQ25: =--AND(AP25=1,AM25>=AN25*$L$4) -> 0 | AR25: =--AND(AB25<>"",AO25>0) -> 0 | AS25: =--AND(AR25=1,AM25>=AO25*$O$4) -> 0 | AU25: 46315
A26: Total | B26: =SUM(B16:B25) -> 114 | C26: =SUM(C16:C25) -> 981347.06 | D26: =SUM(D16:D25) -> 1504607.2 | E26: =IF(D26=0,"",C26/D26) -> 0.65222806 | F26: =COUNTIF(F16:F25,"✔ Yes")&" of "&COUNTIFS(D16:D25,">0") -> 0 of 8 | G26: =SUM(G16:G25) -> 114 | H26: =SUM(H16:H25) -> 20 | I26: =H26&" of "&G26 -> 20 of 114 | J26: =SUM(J16:J25) -> 59 | K26: =SUM(K16:K25) -> 598911.11 | L26: =SUM(L16:L25) -> 821505.21 | M26: =IF(L26=0,"",K26/L26-1) -> -0.27095884 | N26: =COUNTIF(N16:N25,"✔ Yes")&" of "&COUNTIFS(L16:L25,">0") -> 0 of 8 | O26: =SUM(O16:O25) -> 15 | P26: =O26&" of "&J26 -> 15 of 59 | Q26: =SUM(Q16:Q25) -> 466773.47 | R26: =IF(Q26=0,"",C26/Q26-1) -> 1.1024054 | S26: {=IFERROR(Q26/SUMPRODUCT(($AL$7:$AL$303=1)*$AN$7:$AN$303),"")} -> 0.44681541 | T26: =IF(OR(E26="",S26=""),"",(E26-S26)*100) -> 20.541265 | U26: =COUNTIF(U16:U25,"✔ Yes")&" of "&COUNT(S16:S25) -> 0 of 8 | V26: {=SUMPRODUCT(($AL$7:$AL$303=1)*$AQ$7:$AQ$303)&" of "&SUMPRODUCT(($AL$7:$AL$303=1)*$AP$7:$AP$303)} -> 6 of 114 | W26: {=IFERROR(SUMPRODUCT(($AL$7:$AL$303=1)*$AR$7:$AR$303,$AM$7:$AM$303)/SUMPRODUCT(($AL$7:$AL$303=1)*$AR$7:$AR$303,$AO$7:$AO$303)-1,"")} -> -0.26221243 | X26: {=SUMPRODUCT(($AL$7:$AL$303=1)*$AS$7:$AS$303)&" of "&SUMPRODUCT(($AL$7:$AL$303=1)*$AR$7:$AR$303)} -> 21 of 64 | AB26: =IF('Sales Dashboard'!AW25="","",'Sales Dashboard'!AW25) -> HAMALQARYD | AC26: =IF(AB26="","",'Sales Dashboard'!AN25) -> Mohammed Sanad | AD26: =IF(AB26="","",'Sales Dashboard'!AO25) -> Riyadh | AE26: {=IF(OR(AB26="",NOT(ISNUMBER('Sales Dashboard'!BF25))),0,SUMPRODUCT((IFERROR(--'Sales and count'!$G$2:$CC$2,0)=$C$4)*('Sales and count'!$G$3:$CC$3="Total"),INDEX('Sales and count'!$G$4:$CC$300,'Sales Dashboard'!BF25,0)))} -> 7718.09 | AF26: {=IF(OR(AB26="",NOT(ISNUMBER('Sales Dashboard'!BG25))),0,SUMPRODUCT(('TY Sales Target'!$K$2:$AO$2=$C$4)*1,INDEX('TY Sales Target'!$K$5:$AO$300,'Sales Dashboard'!BG25,0)))} -> 10790.512 | AG26: {=IF(AB26="",0,SUMPRODUCT((TRIM('LY Sales '!$B$5:$B$200)=AB26)*('LY Sales '!$C$2:$AG$2=EDATE($C$4,-12)),'LY Sales '!$C$5:$AG$200))} -> 0 | AH26: =--AND(AB26<>"",AF26>0) -> 1 | AI26: =--AND(AH26=1,AE26>=AF26*$L$4) -> 0 | AJ26: =--AND(AB26<>"",AG26>0) -> 0 | AK26: =--AND(AJ26=1,AE26>=AG26*$O$4) -> 0 | AL26: =--AND(AC26<>"",AC26<>"No assignment",AC26<>"Unassigned") -> 1 | AM26: {=IF(OR(AB26="",NOT(ISNUMBER('Sales Dashboard'!BF25))),0,SUMPRODUCT((IFERROR(--'Sales and count'!$G$2:$CC$2,0)=$F$4)*('Sales and count'!$G$3:$CC$3="Total"),INDEX('Sales and count'!$G$4:$CC$300,'Sales Dashboard'!BF25,0)))} -> 4935.19 | AN26: {=IF(OR(AB26="",NOT(ISNUMBER('Sales Dashboard'!BG25))),0,SUMPRODUCT(('TY Sales Target'!$K$2:$AO$2=$F$4)*1,INDEX('TY Sales Target'!$K$5:$AO$300,'Sales Dashboard'!BG25,0)))} -> 7491.9853 | AO26: {=IF(AB26="",0,SUMPRODUCT((TRIM('LY Sales '!$B$5:$B$200)=AB26)*('LY Sales '!$C$2:$AG$2=EDATE($F$4,-12)),'LY Sales '!$C$5:$AG$200))} -> 0 | AP26: =--AND(AB26<>"",AN26>0) -> 1 | AQ26: =--AND(AP26=1,AM26>=AN26*$L$4) -> 0 | AR26: =--AND(AB26<>"",AO26>0) -> 0 | AS26: =--AND(AR26=1,AM26>=AO26*$O$4) -> 0 | AU26: 46316
AB27: =IF('Sales Dashboard'!AW26="","",'Sales Dashboard'!AW26) -> JEDDPARK | AC27: =IF(AB27="","",'Sales Dashboard'!AN26) -> Ahlam Al Zahrani | AD27: =IF(AB27="","",'Sales Dashboard'!AO26) -> Jeddah | AE27: {=IF(OR(AB27="",NOT(ISNUMBER('Sales Dashboard'!BF26))),0,SUMPRODUCT((IFERROR(--'Sales and count'!$G$2:$CC$2,0)=$C$4)*('Sales and count'!$G$3:$CC$3="Total"),INDEX('Sales and count'!$G$4:$CC$300,'Sales Dashboard'!BF26,0)))} -> 12596.23 | AF27: {=IF(OR(AB27="",NOT(ISNUMBER('Sales Dashboard'!BG26))),0,SUMPRODUCT(('TY Sales Target'!$K$2:$AO$2=$C$4)*1,INDEX('TY Sales Target'!$K$5:$AO$300,'Sales Dashboard'!BG26,0)))} -> 17730.888 | AG27: {=IF(AB27="",0,SUMPRODUCT((TRIM('LY Sales '!$B$5:$B$200)=AB27)*('LY Sales '!$C$2:$AG$2=EDATE($C$4,-12)),'LY Sales '!$C$5:$AG$200))} -> 16968.58 | AH27: =--AND(AB27<>"",AF27>0) -> 1 | AI27: =--AND(AH27=1,AE27>=AF27*$L$4) -> 0 | AJ27: =--AND(AB27<>"",AG27>0) -> 1 | AK27: =--AND(AJ27=1,AE27>=AG27*$O$4) -> 0 | AL27: =--AND(AC27<>"",AC27<>"No assignment",AC27<>"Unassigned") -> 1 | AM27: {=IF(OR(AB27="",NOT(ISNUMBER('Sales Dashboard'!BF26))),0,SUMPRODUCT((IFERROR(--'Sales and count'!$G$2:$CC$2,0)=$F$4)*('Sales and count'!$G$3:$CC$3="Total"),INDEX('Sales and count'!$G$4:$CC$300,'Sales Dashboard'!BF26,0)))} -> 7018.33 | AN27: {=IF(OR(AB27="",NOT(ISNUMBER('Sales Dashboard'!BG26))),0,SUMPRODUCT(('TY Sales Target'!$K$2:$AO$2=$F$4)*1,INDEX('TY Sales Target'!$K$5:$AO$300,'Sales Dashboard'!BG26,0)))} -> 12310.774 | AO27: {=IF(AB27="",0,SUMPRODUCT((TRIM('LY Sales '!$B$5:$B$200)=AB27)*('LY Sales '!$C$2:$AG$2=EDATE($F$4,-12)),'LY Sales '!$C$5:$AG$200))} -> 8282.21 | AP27: =--AND(AB27<>"",AN27>0) -> 1 | AQ27: =--AND(AP27=1,AM27>=AN27*$L$4) -> 0 | AR27: =--AND(AB27<>"",AO27>0) -> 1 | AS27: =--AND(AR27=1,AM27>=AO27*$O$4) -> 0 | AU27: 46317
A28: BY CITY | E28: ="REPORT DATE: "&TEXT($C$4,"ddd dd mmm yyyy") -> REPORT DATE: Thu 01 Oct 2026 | Q28: ="COMPARE DATE: "&TEXT($F$4,"ddd dd mmm yyyy") -> COMPARE DATE: Mon 26 Oct 2026 | AB28: =IF('Sales Dashboard'!AW27="","",'Sales Dashboard'!AW27) -> HAAJAWED | AC28: =IF(AB28="","",'Sales Dashboard'!AN27) -> Ahlam Al Zahrani | AD28: =IF(AB28="","",'Sales Dashboard'!AO27) -> Jeddah | AE28: {=IF(OR(AB28="",NOT(ISNUMBER('Sales Dashboard'!BF27))),0,SUMPRODUCT((IFERROR(--'Sales and count'!$G$2:$CC$2,0)=$C$4)*('Sales and count'!$G$3:$CC$3="Total"),INDEX('Sales and count'!$G$4:$CC$300,'Sales Dashboard'!BF27,0)))} -> 9777.2 | AF28: {=IF(OR(AB28="",NOT(ISNUMBER('Sales Dashboard'!BG27))),0,SUMPRODUCT(('TY Sales Target'!$K$2:$AO$2=$C$4)*1,INDEX('TY Sales Target'!$K$5:$AO$300,'Sales Dashboard'!BG27,0)))} -> 11398.428 | AG28: {=IF(AB28="",0,SUMPRODUCT((TRIM('LY Sales '!$B$5:$B$200)=AB28)*('LY Sales '!$C$2:$AG$2=EDATE($C$4,-12)),'LY Sales '!$C$5:$AG$200))} -> 0 | AH28: =--AND(AB28<>"",AF28>0) -> 1 | AI28: =--AND(AH28=1,AE28>=AF28*$L$4) -> 1 | AJ28: =--AND(AB28<>"",AG28>0) -> 0 | AK28: =--AND(AJ28=1,AE28>=AG28*$O$4) -> 0 | AL28: =--AND(AC28<>"",AC28<>"No assignment",AC28<>"Unassigned") -> 1 | AM28: {=IF(OR(AB28="",NOT(ISNUMBER('Sales Dashboard'!BF27))),0,SUMPRODUCT((IFERROR(--'Sales and count'!$G$2:$CC$2,0)=$F$4)*('Sales and count'!$G$3:$CC$3="Total"),INDEX('Sales and count'!$G$4:$CC$300,'Sales Dashboard'!BF27,0)))} -> 3950.31 | AN28: {=IF(OR(AB28="",NOT(ISNUMBER('Sales Dashboard'!BG27))),0,SUMPRODUCT(('TY Sales Target'!$K$2:$AO$2=$F$4)*1,INDEX('TY Sales Target'!$K$5:$AO$300,'Sales Dashboard'!BG27,0)))} -> 7914.069 | AO28: {=IF(AB28="",0,SUMPRODUCT((TRIM('LY Sales '!$B$5:$B$200)=AB28)*('LY Sales '!$C$2:$AG$2=EDATE($F$4,-12)),'LY Sales '!$C$5:$AG$200))} -> 0 | AP28: =--AND(AB28<>"",AN28>0) -> 1 | AQ28: =--AND(AP28=1,AM28>=AN28*$L$4) -> 0 | AR28: =--AND(AB28<>"",AO28>0) -> 0 | AS28: =--AND(AR28=1,AM28>=AO28*$O$4) -> 0 | AU28: 46318
A29: City | B29: Stores | C29: ="Sales "&TEXT($C$4,"dd mmm") -> Sales 01 Oct | D29: ="Target "&TEXT($C$4,"dd mmm") -> Target 01 Oct | E29: Ach % vs Target | F29: ="Achieved Target? (≥"&TEXT($L$4,"0%")&")" -> Achieved Target? (≥80%) | G29: Stores with Target | H29: Stores Achieved | I29: Stores Achieved (x of y) | J29: LFL Stores | K29: LFL Sales TY | L29: LFL Sales LY | M29: LFL Growth % | N29: ="Beat LY? (≥"&TEXT($O$4,"0%")&")" -> Beat LY? (≥100%) | O29: LFL Stores Beat LY | P29: Stores Beat LY (x of y) | Q29: ="Sales "&TEXT($F$4,"dd mmm") -> Sales 26 Oct | R29: ="Sales Change % vs "&TEXT($F$4,"dd mmm") -> Sales Change % vs 26 Oct | S29: ="Ach % "&TEXT($F$4,"dd mmm") -> Ach % 26 Oct | T29: ="Ach % Change (pts)" -> Ach % Change (pts) | U29: ="Achieved Target? "&TEXT($F$4,"dd mmm") -> Achieved Target? 26 Oct | V29: ="Stores Achieved "&TEXT($F$4,"dd mmm") -> Stores Achieved 26 Oct | W29: ="LFL Growth % "&TEXT($F$4,"dd mmm") -> LFL Growth % 26 Oct | X29: ="Stores Beat LY "&TEXT($F$4,"dd mmm") -> Stores Beat LY 26 Oct | AB29: =IF('Sales Dashboard'!AW28="","",'Sales Dashboard'!AW28) -> HAOTHDMM | AC29: =IF(AB29="","",'Sales Dashboard'!AN28) -> Hamzah Al Makhadam | AD29: =IF(AB29="","",'Sales Dashboard'!AO28) -> Dammam | AE29: {=IF(OR(AB29="",NOT(ISNUMBER('Sales Dashboard'!BF28))),0,SUMPRODUCT((IFERROR(--'Sales and count'!$G$2:$CC$2,0)=$C$4)*('Sales and count'!$G$3:$CC$3="Total"),INDEX('Sales and count'!$G$4:$CC$300,'Sales Dashboard'!BF28,0)))} -> 9227.11 | AF29: {=IF(OR(AB29="",NOT(ISNUMBER('Sales Dashboard'!BG28))),0,SUMPRODUCT(('TY Sales Target'!$K$2:$AO$2=$C$4)*1,INDEX('TY Sales Target'!$K$5:$AO$300,'Sales Dashboard'!BG28,0)))} -> 11499.747 | AG29: {=IF(AB29="",0,SUMPRODUCT((TRIM('LY Sales '!$B$5:$B$200)=AB29)*('LY Sales '!$C$2:$AG$2=EDATE($C$4,-12)),'LY Sales '!$C$5:$AG$200))} -> 8583.19 | AH29: =--AND(AB29<>"",AF29>0) -> 1 | AI29: =--AND(AH29=1,AE29>=AF29*$L$4) -> 1 | AJ29: =--AND(AB29<>"",AG29>0) -> 1 | AK29: =--AND(AJ29=1,AE29>=AG29*$O$4) -> 1 | AL29: =--AND(AC29<>"",AC29<>"No assignment",AC29<>"Unassigned") -> 1 | AM29: {=IF(OR(AB29="",NOT(ISNUMBER('Sales Dashboard'!BF28))),0,SUMPRODUCT((IFERROR(--'Sales and count'!$G$2:$CC$2,0)=$F$4)*('Sales and count'!$G$3:$CC$3="Total"),INDEX('Sales and count'!$G$4:$CC$300,'Sales Dashboard'!BF28,0)))} -> 3848.18 | AN29: {=IF(OR(AB29="",NOT(ISNUMBER('Sales Dashboard'!BG28))),0,SUMPRODUCT(('TY Sales Target'!$K$2:$AO$2=$F$4)*1,INDEX('TY Sales Target'!$K$5:$AO$300,'Sales Dashboard'!BG28,0)))} -> 7984.4162 | AO29: {=IF(AB29="",0,SUMPRODUCT((TRIM('LY Sales '!$B$5:$B$200)=AB29)*('LY Sales '!$C$2:$AG$2=EDATE($F$4,-12)),'LY Sales '!$C$5:$AG$200))} -> 3152.01 | AP29: =--AND(AB29<>"",AN29>0) -> 1 | AQ29: =--AND(AP29=1,AM29>=AN29*$L$4) -> 0 | AR29: =--AND(AB29<>"",AO29>0) -> 1 | AS29: =--AND(AR29=1,AM29>=AO29*$O$4) -> 1 | AU29: 46319
A30: {=IFERROR(INDEX(_xlfn._xlws.SORT(_xlfn.UNIQUE(_xlfn._xlws.FILTER($AD$7:$AD$303,$AD$7:$AD$303<>""))),ROWS($A$30:A30)),"")} -> Abha | B30: =IF($A30="","",COUNTIFS($AD$7:$AD$303,$A30)) -> 4 | C30: =IF($A30="","",SUMIFS($AE$7:$AE$303,$AD$7:$AD$303,$A30)) -> 34158.69 | D30: =IF($A30="","",SUMIFS($AF$7:$AF$303,$AD$7:$AD$303,$A30)) -> 59778.421 | E30: =IF(OR($A30="",N(D30)=0),"",C30/D30) -> 0.57142175 | F30: =IF(OR($A30="",N(D30)=0),"",IF(C30>=D30*$L$4,"✔ Yes","✘ No")) -> ✘ No | G30: =IF($A30="","",COUNTIFS($AD$7:$AD$303,$A30,$AH$7:$AH$303,1)) -> 4 | H30: =IF($A30="","",COUNTIFS($AD$7:$AD$303,$A30,$AI$7:$AI$303,1)) -> 0 | I30: =IF($A30="","",H30&" of "&G30) -> 0 of 4 | J30: =IF($A30="","",COUNTIFS($AD$7:$AD$303,$A30,$AJ$7:$AJ$303,1)) -> 2 | K30: =IF($A30="","",SUMIFS($AE$7:$AE$303,$AD$7:$AD$303,$A30,$AJ$7:$AJ$303,1)) -> 16692.34 | L30: =IF($A30="","",SUMIFS($AG$7:$AG$303,$AD$7:$AD$303,$A30,$AJ$7:$AJ$303,1)) -> 33529.92 | M30: =IF(OR($A30="",N(L30)=0),"",K30/L30-1) -> -0.50216583 | N30: =IF(OR($A30="",N(L30)=0),"",IF(K30>=L30*$O$4,"✔ Yes","✘ No")) -> ✘ No | O30: =IF($A30="","",COUNTIFS($AD$7:$AD$303,$A30,$AK$7:$AK$303,1)) -> 0 | P30: =IF($A30="","",O30&" of "&J30) -> 0 of 2 | Q30: =IF($A30="","",SUMIFS($AM$7:$AM$303,$AD$7:$AD$303,$A30)) -> 11294.73 | R30: =IF(OR($A30="",N(Q30)=0),"",C30/Q30-1) -> 2.0243034 | S30: =IF($A30="","",IFERROR(Q30/SUMIFS($AN$7:$AN$303,$AD$7:$AD$303,$A30),"")) -> 0.27213007 | T30: =IF(OR(E30="",S30=""),"",(E30-S30)*100) -> 29.929168 | U30: =IF(S30="","",IF(S30>=$L$4,"✔ Yes","✘ No")) -> ✘ No | V30: =IF($A30="","",COUNTIFS($AD$7:$AD$303,$A30,$AQ$7:$AQ$303,1)&" of "&COUNTIFS($AD$7:$AD$303,$A30,$AP$7:$AP$303,1)) -> 0 of 4 | W30: =IF($A30="","",IFERROR(SUMIFS($AM$7:$AM$303,$AD$7:$AD$303,$A30,$AR$7:$AR$303,1)/SUMIFS($AO$7:$AO$303,$AD$7:$AD$303,$A30,$AR$7:$AR$303,1)-1,"")) -> -0.53852703 | X30: =IF($A30="","",COUNTIFS($AD$7:$AD$303,$A30,$AS$7:$AS$303,1)&" of "&COUNTIFS($AD$7:$AD$303,$A30,$AR$7:$AR$303,1)) -> 0 of 2 | AB30: =IF('Sales Dashboard'!AW29="","",'Sales Dashboard'!AW29) -> MEDAD | AC30: =IF(AB30="","",'Sales Dashboard'!AN29) -> Mohammed Sanad | AD30: =IF(AB30="","",'Sales Dashboard'!AO29) -> Riyadh | AE30: {=IF(OR(AB30="",NOT(ISNUMBER('Sales Dashboard'!BF29))),0,SUMPRODUCT((IFERROR(--'Sales and count'!$G$2:$CC$2,0)=$C$4)*('Sales and count'!$G$3:$CC$3="Total"),INDEX('Sales and count'!$G$4:$CC$300,'Sales Dashboard'!BF29,0)))} -> 14808.41 | AF30: {=IF(OR(AB30="",NOT(ISNUMBER('Sales Dashboard'!BG29))),0,SUMPRODUCT(('TY Sales Target'!$K$2:$AO$2=$C$4)*1,INDEX('TY Sales Target'!$K$5:$AO$300,'Sales Dashboard'!BG29,0)))} -> 24114.007 | AG30: {=IF(AB30="",0,SUMPRODUCT((TRIM('LY Sales '!$B$5:$B$200)=AB30)*('LY Sales '!$C$2:$AG$2=EDATE($C$4,-12)),'LY Sales '!$C$5:$AG$200))} -> 18012.52 | AH30: =--AND(AB30<>"",AF30>0) -> 1 | AI30: =--AND(AH30=1,AE30>=AF30*$L$4) -> 0 | AJ30: =--AND(AB30<>"",AG30>0) -> 1 | AK30: =--AND(AJ30=1,AE30>=AG30*$O$4) -> 0 | AL30: =--AND(AC30<>"",AC30<>"No assignment",AC30<>"Unassigned") -> 1 | AM30: {=IF(OR(AB30="",NOT(ISNUMBER('Sales Dashboard'!BF29))),0,SUMPRODUCT((IFERROR(--'Sales and count'!$G$2:$CC$2,0)=$F$4)*('Sales and count'!$G$3:$CC$3="Total"),INDEX('Sales and count'!$G$4:$CC$300,'Sales Dashboard'!BF29,0)))} -> 10804.63 | AN30: {=IF(OR(AB30="",NOT(ISNUMBER('Sales Dashboard'!BG29))),0,SUMPRODUCT(('TY Sales Target'!$K$2:$AO$2=$F$4)*1,INDEX('TY Sales Target'!$K$5:$AO$300,'Sales Dashboard'!BG29,0)))} -> 16742.653 | AO30: {=IF(AB30="",0,SUMPRODUCT((TRIM('LY Sales '!$B$5:$B$200)=AB30)*('LY Sales '!$C$2:$AG$2=EDATE($F$4,-12)),'LY Sales '!$C$5:$AG$200))} -> 15030.35 | AP30: =--AND(AB30<>"",AN30>0) -> 1 | AQ30: =--AND(AP30=1,AM30>=AN30*$L$4) -> 0 | AR30: =--AND(AB30<>"",AO30>0) -> 1 | AS30: =--AND(AR30=1,AM30>=AO30*$O$4) -> 0 | AU30: 46320
A31: {=IFERROR(INDEX(_xlfn._xlws.SORT(_xlfn.UNIQUE(_xlfn._xlws.FILTER($AD$7:$AD$303,$AD$7:$AD$303<>""))),ROWS($A$30:A31)),"")} -> Abo Areash | B31: =IF($A31="","",COUNTIFS($AD$7:$AD$303,$A31)) -> 1 | C31: =IF($A31="","",SUMIFS($AE$7:$AE$303,$AD$7:$AD$303,$A31)) -> 0 | D31: =IF($A31="","",SUMIFS($AF$7:$AF$303,$AD$7:$AD$303,$A31)) -> 2532.984 | E31: =IF(OR($A31="",N(D31)=0),"",C31/D31) -> 0 | F31: =IF(OR($A31="",N(D31)=0),"",IF(C31>=D31*$L$4,"✔ Yes","✘ No")) -> ✘ No | G31: =IF($A31="","",COUNTIFS($AD$7:$AD$303,$A31,$AH$7:$AH$303,1)) -> 1 | H31: =IF($A31="","",COUNTIFS($AD$7:$AD$303,$A31,$AI$7:$AI$303,1)) -> 0 | I31: =IF($A31="","",H31&" of "&G31) -> 0 of 1 | J31: =IF($A31="","",COUNTIFS($AD$7:$AD$303,$A31,$AJ$7:$AJ$303,1)) -> 0 | K31: =IF($A31="","",SUMIFS($AE$7:$AE$303,$AD$7:$AD$303,$A31,$AJ$7:$AJ$303,1)) -> 0 | L31: =IF($A31="","",SUMIFS($AG$7:$AG$303,$AD$7:$AD$303,$A31,$AJ$7:$AJ$303,1)) -> 0 | M31: =IF(OR($A31="",N(L31)=0),"",K31/L31-1) | N31: =IF(OR($A31="",N(L31)=0),"",IF(K31>=L31*$O$4,"✔ Yes","✘ No")) | O31: =IF($A31="","",COUNTIFS($AD$7:$AD$303,$A31,$AK$7:$AK$303,1)) -> 0 | P31: =IF($A31="","",O31&" of "&J31) -> 0 of 0 | Q31: =IF($A31="","",SUMIFS($AM$7:$AM$303,$AD$7:$AD$303,$A31)) -> 0 | R31: =IF(OR($A31="",N(Q31)=0),"",C31/Q31-1) | S31: =IF($A31="","",IFERROR(Q31/SUMIFS($AN$7:$AN$303,$AD$7:$AD$303,$A31),"")) -> 0 | T31: =IF(OR(E31="",S31=""),"",(E31-S31)*100) -> 0 | U31: =IF(S31="","",IF(S31>=$L$4,"✔ Yes","✘ No")) -> ✘ No | V31: =IF($A31="","",COUNTIFS($AD$7:$AD$303,$A31,$AQ$7:$AQ$303,1)&" of "&COUNTIFS($AD$7:$AD$303,$A31,$AP$7:$AP$303,1)) -> 0 of 1 | W31: =IF($A31="","",IFERROR(SUMIFS($AM$7:$AM$303,$AD$7:$AD$303,$A31,$AR$7:$AR$303,1)/SUMIFS($AO$7:$AO$303,$AD$7:$AD$303,$A31,$AR$7:$AR$303,1)-1,"")) | X31: =IF($A31="","",COUNTIFS($AD$7:$AD$303,$A31,$AS$7:$AS$303,1)&" of "&COUNTIFS($AD$7:$AD$303,$A31,$AR$7:$AR$303,1)) -> 0 of 0 | AB31: =IF('Sales Dashboard'!AW30="","",'Sales Dashboard'!AW30) -> JEDDHAIFA | AC31: =IF(AB31="","",'Sales Dashboard'!AN30) -> Ahlam Al Zahrani | AD31: =IF(AB31="","",'Sales Dashboard'!AO30) -> Jeddah | AE31: {=IF(OR(AB31="",NOT(ISNUMBER('Sales Dashboard'!BF30))),0,SUMPRODUCT((IFERROR(--'Sales and count'!$G$2:$CC$2,0)=$C$4)*('Sales and count'!$G$3:$CC$3="Total"),INDEX('Sales and count'!$G$4:$CC$300,'Sales Dashboard'!BF30,0)))} -> 7133.11 | AF31: {=IF(OR(AB31="",NOT(ISNUMBER('Sales Dashboard'!BG30))),0,SUMPRODUCT(('TY Sales Target'!$K$2:$AO$2=$C$4)*1,INDEX('TY Sales Target'!$K$5:$AO$300,'Sales Dashboard'!BG30,0)))} -> 10891.831 | AG31: {=IF(AB31="",0,SUMPRODUCT((TRIM('LY Sales '!$B$5:$B$200)=AB31)*('LY Sales '!$C$2:$AG$2=EDATE($C$4,-12)),'LY Sales '!$C$5:$AG$200))} -> 4675.14 | AH31: =--AND(AB31<>"",AF31>0) -> 1 | AI31: =--AND(AH31=1,AE31>=AF31*$L$4) -> 0 | AJ31: =--AND(AB31<>"",AG31>0) -> 1 | AK31: =--AND(AJ31=1,AE31>=AG31*$O$4) -> 1 | AL31: =--AND(AC31<>"",AC31<>"No assignment",AC31<>"Unassigned") -> 1 | AM31: {=IF(OR(AB31="",NOT(ISNUMBER('Sales Dashboard'!BF30))),0,SUMPRODUCT((IFERROR(--'Sales and count'!$G$2:$CC$2,0)=$F$4)*('Sales and count'!$G$3:$CC$3="Total"),INDEX('Sales and count'!$G$4:$CC$300,'Sales Dashboard'!BF30,0)))} -> 4554.42 | AN31: {=IF(OR(AB31="",NOT(ISNUMBER('Sales Dashboard'!BG30))),0,SUMPRODUCT(('TY Sales Target'!$K$2:$AO$2=$F$4)*1,INDEX('TY Sales Target'!$K$5:$AO$300,'Sales Dashboard'!BG30,0)))} -> 7562.3326 | AO31: {=IF(AB31="",0,SUMPRODUCT((TRIM('LY Sales '!$B$5:$B$200)=AB31)*('LY Sales '!$C$2:$AG$2=EDATE($F$4,-12)),'LY Sales '!$C$5:$AG$200))} -> 2147.06 | AP31: =--AND(AB31<>"",AN31>0) -> 1 | AQ31: =--AND(AP31=1,AM31>=AN31*$L$4) -> 0 | AR31: =--AND(AB31<>"",AO31>0) -> 1 | AS31: =--AND(AR31=1,AM31>=AO31*$O$4) -> 1 | AU31: 46321
A32: {=IFERROR(INDEX(_xlfn._xlws.SORT(_xlfn.UNIQUE(_xlfn._xlws.FILTER($AD$7:$AD$303,$AD$7:$AD$303<>""))),ROWS($A$30:A32)),"")} -> Abu Dhabi | B32: =IF($A32="","",COUNTIFS($AD$7:$AD$303,$A32)) -> 1 | C32: =IF($A32="","",SUMIFS($AE$7:$AE$303,$AD$7:$AD$303,$A32)) -> 151278.26 | D32: =IF($A32="","",SUMIFS($AF$7:$AF$303,$AD$7:$AD$303,$A32)) -> 0 | E32: =IF(OR($A32="",N(D32)=0),"",C32/D32) | F32: =IF(OR($A32="",N(D32)=0),"",IF(C32>=D32*$L$4,"✔ Yes","✘ No")) | G32: =IF($A32="","",COUNTIFS($AD$7:$AD$303,$A32,$AH$7:$AH$303,1)) -> 0 | H32: =IF($A32="","",COUNTIFS($AD$7:$AD$303,$A32,$AI$7:$AI$303,1)) -> 0 | I32: =IF($A32="","",H32&" of "&G32) -> 0 of 0 | J32: =IF($A32="","",COUNTIFS($AD$7:$AD$303,$A32,$AJ$7:$AJ$303,1)) -> 0 | K32: =IF($A32="","",SUMIFS($AE$7:$AE$303,$AD$7:$AD$303,$A32,$AJ$7:$AJ$303,1)) -> 0 | L32: =IF($A32="","",SUMIFS($AG$7:$AG$303,$AD$7:$AD$303,$A32,$AJ$7:$AJ$303,1)) -> 0 | M32: =IF(OR($A32="",N(L32)=0),"",K32/L32-1) | N32: =IF(OR($A32="",N(L32)=0),"",IF(K32>=L32*$O$4,"✔ Yes","✘ No")) | O32: =IF($A32="","",COUNTIFS($AD$7:$AD$303,$A32,$AK$7:$AK$303,1)) -> 0 | P32: =IF($A32="","",O32&" of "&J32) -> 0 of 0 | Q32: =IF($A32="","",SUMIFS($AM$7:$AM$303,$AD$7:$AD$303,$A32)) -> 0 | R32: =IF(OR($A32="",N(Q32)=0),"",C32/Q32-1) | S32: =IF($A32="","",IFERROR(Q32/SUMIFS($AN$7:$AN$303,$AD$7:$AD$303,$A32),"")) | T32: =IF(OR(E32="",S32=""),"",(E32-S32)*100) | U32: =IF(S32="","",IF(S32>=$L$4,"✔ Yes","✘ No")) | V32: =IF($A32="","",COUNTIFS($AD$7:$AD$303,$A32,$AQ$7:$AQ$303,1)&" of "&COUNTIFS($AD$7:$AD$303,$A32,$AP$7:$AP$303,1)) -> 0 of 0 | W32: =IF($A32="","",IFERROR(SUMIFS($AM$7:$AM$303,$AD$7:$AD$303,$A32,$AR$7:$AR$303,1)/SUMIFS($AO$7:$AO$303,$AD$7:$AD$303,$A32,$AR$7:$AR$303,1)-1,"")) | X32: =IF($A32="","",COUNTIFS($AD$7:$AD$303,$A32,$AS$7:$AS$303,1)&" of "&COUNTIFS($AD$7:$AD$303,$A32,$AR$7:$AR$303,1)) -> 0 of 0 | AB32: =IF('Sales Dashboard'!AW31="","",'Sales Dashboard'!AW31) -> ANDLUSMALL | AC32: =IF(AB32="","",'Sales Dashboard'!AN31) -> Ahlam Al Zahrani | AD32: =IF(AB32="","",'Sales Dashboard'!AO31) -> Jeddah | AE32: {=IF(OR(AB32="",NOT(ISNUMBER('Sales Dashboard'!BF31))),0,SUMPRODUCT((IFERROR(--'Sales and count'!$G$2:$CC$2,0)=$C$4)*('Sales and count'!$G$3:$CC$3="Total"),INDEX('Sales and count'!$G$4:$CC$300,'Sales Dashboard'!BF31,0)))} -> 13445.37 | AF32: {=IF(OR(AB32="",NOT(ISNUMBER('Sales Dashboard'!BG31))),0,SUMPRODUCT(('TY Sales Target'!$K$2:$AO$2=$C$4)*1,INDEX('TY Sales Target'!$K$5:$AO$300,'Sales Dashboard'!BG31,0)))} -> 22290.259 | AG32: {=IF(AB32="",0,SUMPRODUCT((TRIM('LY Sales '!$B$5:$B$200)=AB32)*('LY Sales '!$C$2:$AG$2=EDATE($C$4,-12)),'LY Sales '!$C$5:$AG$200))} -> 14668.39 | AH32: =--AND(AB32<>"",AF32>0) -> 1 | AI32: =--AND(AH32=1,AE32>=AF32*$L$4) -> 0 | AJ32: =--AND(AB32<>"",AG32>0) -> 1 | AK32: =--AND(AJ32=1,AE32>=AG32*$O$4) -> 0 | AL32: =--AND(AC32<>"",AC32<>"No assignment",AC32<>"Unassigned") -> 1 | AM32: {=IF(OR(AB32="",NOT(ISNUMBER('Sales Dashboard'!BF31))),0,SUMPRODUCT((IFERROR(--'Sales and count'!$G$2:$CC$2,0)=$F$4)*('Sales and count'!$G$3:$CC$3="Total"),INDEX('Sales and count'!$G$4:$CC$300,'Sales Dashboard'!BF31,0)))} -> 4021.15 | AN32: {=IF(OR(AB32="",NOT(ISNUMBER('Sales Dashboard'!BG31))),0,SUMPRODUCT(('TY Sales Target'!$K$2:$AO$2=$F$4)*1,INDEX('TY Sales Target'!$K$5:$AO$300,'Sales Dashboard'!BG31,0)))} -> 15476.402 | AO32: {=IF(AB32="",0,SUMPRODUCT((TRIM('LY Sales '!$B$5:$B$200)=AB32)*('LY Sales '!$C$2:$AG$2=EDATE($F$4,-12)),'LY Sales '!$C$5:$AG$200))} -> 6797.11 | AP32: =--AND(AB32<>"",AN32>0) -> 1 | AQ32: =--AND(AP32=1,AM32>=AN32*$L$4) -> 0 | AR32: =--AND(AB32<>"",AO32>0) -> 1 | AS32: =--AND(AR32=1,AM32>=AO32*$O$4) -> 0
A33: {=IFERROR(INDEX(_xlfn._xlws.SORT(_xlfn.UNIQUE(_xlfn._xlws.FILTER($AD$7:$AD$303,$AD$7:$AD$303<>""))),ROWS($A$30:A33)),"")} -> Al Hasa | B33: =IF($A33="","",COUNTIFS($AD$7:$AD$303,$A33)) -> 3 | C33: =IF($A33="","",SUMIFS($AE$7:$AE$303,$AD$7:$AD$303,$A33)) -> 41964.79 | D33: =IF($A33="","",SUMIFS($AF$7:$AF$303,$AD$7:$AD$303,$A33)) -> 47113.502 | E33: =IF(OR($A33="",N(D33)=0),"",C33/D33) -> 0.89071686 | F33: =IF(OR($A33="",N(D33)=0),"",IF(C33>=D33*$L$4,"✔ Yes","✘ No")) -> ✔ Yes | G33: =IF($A33="","",COUNTIFS($AD$7:$AD$303,$A33,$AH$7:$AH$303,1)) -> 3 | H33: =IF($A33="","",COUNTIFS($AD$7:$AD$303,$A33,$AI$7:$AI$303,1)) -> 2 | I33: =IF($A33="","",H33&" of "&G33) -> 2 of 3 | J33: =IF($A33="","",COUNTIFS($AD$7:$AD$303,$A33,$AJ$7:$AJ$303,1)) -> 3 | K33: =IF($A33="","",SUMIFS($AE$7:$AE$303,$AD$7:$AD$303,$A33,$AJ$7:$AJ$303,1)) -> 41964.79 | L33: =IF($A33="","",SUMIFS($AG$7:$AG$303,$AD$7:$AD$303,$A33,$AJ$7:$AJ$303,1)) -> 43574.34 | M33: =IF(OR($A33="",N(L33)=0),"",K33/L33-1) -> -0.036938024 | N33: =IF(OR($A33="",N(L33)=0),"",IF(K33>=L33*$O$4,"✔ Yes","✘ No")) -> ✘ No | O33: =IF($A33="","",COUNTIFS($AD$7:$AD$303,$A33,$AK$7:$AK$303,1)) -> 2 | P33: =IF($A33="","",O33&" of "&J33) -> 2 of 3 | Q33: =IF($A33="","",SUMIFS($AM$7:$AM$303,$AD$7:$AD$303,$A33)) -> 14179.83 | R33: =IF(OR($A33="",N(Q33)=0),"",C33/Q33-1) -> 1.9594706 | S33: =IF($A33="","",IFERROR(Q33/SUMIFS($AN$7:$AN$303,$AD$7:$AD$303,$A33),"")) -> 0.4334817 | T33: =IF(OR(E33="",S33=""),"",(E33-S33)*100) -> 45.723516 | U33: =IF(S33="","",IF(S33>=$L$4,"✔ Yes","✘ No")) -> ✘ No | V33: =IF($A33="","",COUNTIFS($AD$7:$AD$303,$A33,$AQ$7:$AQ$303,1)&" of "&COUNTIFS($AD$7:$AD$303,$A33,$AP$7:$AP$303,1)) -> 0 of 3 | W33: =IF($A33="","",IFERROR(SUMIFS($AM$7:$AM$303,$AD$7:$AD$303,$A33,$AR$7:$AR$303,1)/SUMIFS($AO$7:$AO$303,$AD$7:$AD$303,$A33,$AR$7:$AR$303,1)-1,"")) -> -0.24488494 | X33: =IF($A33="","",COUNTIFS($AD$7:$AD$303,$A33,$AS$7:$AS$303,1)&" of "&COUNTIFS($AD$7:$AD$303,$A33,$AR$7:$AR$303,1)) -> 1 of 3 | AB33: =IF('Sales Dashboard'!AW32="","",'Sales Dashboard'!AW32) -> HAJWALK | AC33: =IF(AB33="","",'Sales Dashboard'!AN32) -> Mohammed Haidar | AD33: =IF(AB33="","",'Sales Dashboard'!AO32) -> Madinah | AE33: {=IF(OR(AB33="",NOT(ISNUMBER('Sales Dashboard'!BF32))),0,SUMPRODUCT((IFERROR(--'Sales and count'!$G$2:$CC$2,0)=$C$4)*('Sales and count'!$G$3:$CC$3="Total"),INDEX('Sales and count'!$G$4:$CC$300,'Sales Dashboard'!BF32,0)))} -> 7323.09 | AF33: {=IF(OR(AB33="",NOT(ISNUMBER('Sales Dashboard'!BG32))),0,SUMPRODUCT(('TY Sales Target'!$K$2:$AO$2=$C$4)*1,INDEX('TY Sales Target'!$K$5:$AO$300,'Sales Dashboard'!BG32,0)))} -> 11449.087 | AG33: {=IF(AB33="",0,SUMPRODUCT((TRIM('LY Sales '!$B$5:$B$200)=AB33)*('LY Sales '!$C$2:$AG$2=EDATE($C$4,-12)),'LY Sales '!$C$5:$AG$200))} -> 12945.25 | AH33: =--AND(AB33<>"",AF33>0) -> 1 | AI33: =--AND(AH33=1,AE33>=AF33*$L$4) -> 0 | AJ33: =--AND(AB33<>"",AG33>0) -> 1 | AK33: =--AND(AJ33=1,AE33>=AG33*$O$4) -> 0 | AL33: =--AND(AC33<>"",AC33<>"No assignment",AC33<>"Unassigned") -> 1 | AM33: {=IF(OR(AB33="",NOT(ISNUMBER('Sales Dashboard'!BF32))),0,SUMPRODUCT((IFERROR(--'Sales and count'!$G$2:$CC$2,0)=$F$4)*('Sales and count'!$G$3:$CC$3="Total"),INDEX('Sales and count'!$G$4:$CC$300,'Sales Dashboard'!BF32,0)))} -> 5093.37 | AN33: {=IF(OR(AB33="",NOT(ISNUMBER('Sales Dashboard'!BG32))),0,SUMPRODUCT(('TY Sales Target'!$K$2:$AO$2=$F$4)*1,INDEX('TY Sales Target'!$K$5:$AO$300,'Sales Dashboard'!BG32,0)))} -> 7949.2426 | AO33: {=IF(AB33="",0,SUMPRODUCT((TRIM('LY Sales '!$B$5:$B$200)=AB33)*('LY Sales '!$C$2:$AG$2=EDATE($F$4,-12)),'LY Sales '!$C$5:$AG$200))} -> 5024.09 | AP33: =--AND(AB33<>"",AN33>0) -> 1 | AQ33: =--AND(AP33=1,AM33>=AN33*$L$4) -> 0 | AR33: =--AND(AB33<>"",AO33>0) -> 1 | AS33: =--AND(AR33=1,AM33>=AO33*$O$4) -> 1
A34: {=IFERROR(INDEX(_xlfn._xlws.SORT(_xlfn.UNIQUE(_xlfn._xlws.FILTER($AD$7:$AD$303,$AD$7:$AD$303<>""))),ROWS($A$30:A34)),"")} -> Arar | B34: =IF($A34="","",COUNTIFS($AD$7:$AD$303,$A34)) -> 1 | C34: =IF($A34="","",SUMIFS($AE$7:$AE$303,$AD$7:$AD$303,$A34)) -> 4970.15 | D34: =IF($A34="","",SUMIFS($AF$7:$AF$303,$AD$7:$AD$303,$A34)) -> 6231.1405 | E34: =IF(OR($A34="",N(D34)=0),"",C34/D34) -> 0.79763086 | F34: =IF(OR($A34="",N(D34)=0),"",IF(C34>=D34*$L$4,"✔ Yes","✘ No")) -> ✘ No | G34: =IF($A34="","",COUNTIFS($AD$7:$AD$303,$A34,$AH$7:$AH$303,1)) -> 1 | H34: =IF($A34="","",COUNTIFS($AD$7:$AD$303,$A34,$AI$7:$AI$303,1)) -> 0 | I34: =IF($A34="","",H34&" of "&G34) -> 0 of 1 | J34: =IF($A34="","",COUNTIFS($AD$7:$AD$303,$A34,$AJ$7:$AJ$303,1)) -> 0 | K34: =IF($A34="","",SUMIFS($AE$7:$AE$303,$AD$7:$AD$303,$A34,$AJ$7:$AJ$303,1)) -> 0 | L34: =IF($A34="","",SUMIFS($AG$7:$AG$303,$AD$7:$AD$303,$A34,$AJ$7:$AJ$303,1)) -> 0 | M34: =IF(OR($A34="",N(L34)=0),"",K34/L34-1) | N34: =IF(OR($A34="",N(L34)=0),"",IF(K34>=L34*$O$4,"✔ Yes","✘ No")) | O34: =IF($A34="","",COUNTIFS($AD$7:$AD$303,$A34,$AK$7:$AK$303,1)) -> 0 | P34: =IF($A34="","",O34&" of "&J34) -> 0 of 0 | Q34: =IF($A34="","",SUMIFS($AM$7:$AM$303,$AD$7:$AD$303,$A34)) -> 1084.03 | R34: =IF(OR($A34="",N(Q34)=0),"",C34/Q34-1) -> 3.5848823 | S34: =IF($A34="","",IFERROR(Q34/SUMIFS($AN$7:$AN$303,$AD$7:$AD$303,$A34),"")) -> 0.25056412 | T34: =IF(OR(E34="",S34=""),"",(E34-S34)*100) -> 54.706675 | U34: =IF(S34="","",IF(S34>=$L$4,"✔ Yes","✘ No")) -> ✘ No | V34: =IF($A34="","",COUNTIFS($AD$7:$AD$303,$A34,$AQ$7:$AQ$303,1)&" of "&COUNTIFS($AD$7:$AD$303,$A34,$AP$7:$AP$303,1)) -> 0 of 1 | W34: =IF($A34="","",IFERROR(SUMIFS($AM$7:$AM$303,$AD$7:$AD$303,$A34,$AR$7:$AR$303,1)/SUMIFS($AO$7:$AO$303,$AD$7:$AD$303,$A34,$AR$7:$AR$303,1)-1,"")) | X34: =IF($A34="","",COUNTIFS($AD$7:$AD$303,$A34,$AS$7:$AS$303,1)&" of "&COUNTIFS($AD$7:$AD$303,$A34,$AR$7:$AR$303,1)) -> 0 of 0 | AB34: =IF('Sales Dashboard'!AW33="","",'Sales Dashboard'!AW33) -> JEDDAZIZ | AC34: =IF(AB34="","",'Sales Dashboard'!AN33) -> Ahlam Al Zahrani | AD34: =IF(AB34="","",'Sales Dashboard'!AO33) -> Jeddah | AE34: {=IF(OR(AB34="",NOT(ISNUMBER('Sales Dashboard'!BF33))),0,SUMPRODUCT((IFERROR(--'Sales and count'!$G$2:$CC$2,0)=$C$4)*('Sales and count'!$G$3:$CC$3="Total"),INDEX('Sales and count'!$G$4:$CC$300,'Sales Dashboard'!BF33,0)))} -> 8353.25 | AF34: {=IF(OR(AB34="",NOT(ISNUMBER('Sales Dashboard'!BG33))),0,SUMPRODUCT(('TY Sales Target'!$K$2:$AO$2=$C$4)*1,INDEX('TY Sales Target'!$K$5:$AO$300,'Sales Dashboard'!BG33,0)))} -> 11398.428 | AG34: {=IF(AB34="",0,SUMPRODUCT((TRIM('LY Sales '!$B$5:$B$200)=AB34)*('LY Sales '!$C$2:$AG$2=EDATE($C$4,-12)),'LY Sales '!$C$5:$AG$200))} -> 5286.14 | AH34: =--AND(AB34<>"",AF34>0) -> 1 | AI34: =--AND(AH34=1,AE34>=AF34*$L$4) -> 0 | AJ34: =--AND(AB34<>"",AG34>0) -> 1 | AK34: =--AND(AJ34=1,AE34>=AG34*$O$4) -> 1 | AL34: =--AND(AC34<>"",AC34<>"No assignment",AC34<>"Unassigned") -> 1 | AM34: {=IF(OR(AB34="",NOT(ISNUMBER('Sales Dashboard'!BF33))),0,SUMPRODUCT((IFERROR(--'Sales and count'!$G$2:$CC$2,0)=$F$4)*('Sales and count'!$G$3:$CC$3="Total"),INDEX('Sales and count'!$G$4:$CC$300,'Sales Dashboard'!BF33,0)))} -> 4553.34 | AN34: {=IF(OR(AB34="",NOT(ISNUMBER('Sales Dashboard'!BG33))),0,SUMPRODUCT(('TY Sales Target'!$K$2:$AO$2=$F$4)*1,INDEX('TY Sales Target'!$K$5:$AO$300,'Sales Dashboard'!BG33,0)))} -> 7914.069 | AO34: {=IF(AB34="",0,SUMPRODUCT((TRIM('LY Sales '!$B$5:$B$200)=AB34)*('LY Sales '!$C$2:$AG$2=EDATE($F$4,-12)),'LY Sales '!$C$5:$AG$200))} -> 4389.02 | AP34: =--AND(AB34<>"",AN34>0) -> 1 | AQ34: =--AND(AP34=1,AM34>=AN34*$L$4) -> 0 | AR34: =--AND(AB34<>"",AO34>0) -> 1 | AS34: =--AND(AR34=1,AM34>=AO34*$O$4) -> 1
A35: {=IFERROR(INDEX(_xlfn._xlws.SORT(_xlfn.UNIQUE(_xlfn._xlws.FILTER($AD$7:$AD$303,$AD$7:$AD$303<>""))),ROWS($A$30:A35)),"")} -> Baha | B35: =IF($A35="","",COUNTIFS($AD$7:$AD$303,$A35)) -> 2 | C35: =IF($A35="","",SUMIFS($AE$7:$AE$303,$AD$7:$AD$303,$A35)) -> 11074.19 | D35: =IF($A35="","",SUMIFS($AF$7:$AF$303,$AD$7:$AD$303,$A35)) -> 19447.698 | E35: =IF(OR($A35="",N(D35)=0),"",C35/D35) -> 0.56943449 | F35: =IF(OR($A35="",N(D35)=0),"",IF(C35>=D35*$L$4,"✔ Yes","✘ No")) -> ✘ No | G35: =IF($A35="","",COUNTIFS($AD$7:$AD$303,$A35,$AH$7:$AH$303,1)) -> 2 | H35: =IF($A35="","",COUNTIFS($AD$7:$AD$303,$A35,$AI$7:$AI$303,1)) -> 0 | I35: =IF($A35="","",H35&" of "&G35) -> 0 of 2 | J35: =IF($A35="","",COUNTIFS($AD$7:$AD$303,$A35,$AJ$7:$AJ$303,1)) -> 0 | K35: =IF($A35="","",SUMIFS($AE$7:$AE$303,$AD$7:$AD$303,$A35,$AJ$7:$AJ$303,1)) -> 0 | L35: =IF($A35="","",SUMIFS($AG$7:$AG$303,$AD$7:$AD$303,$A35,$AJ$7:$AJ$303,1)) -> 0 | M35: =IF(OR($A35="",N(L35)=0),"",K35/L35-1) | N35: =IF(OR($A35="",N(L35)=0),"",IF(K35>=L35*$O$4,"✔ Yes","✘ No")) | O35: =IF($A35="","",COUNTIFS($AD$7:$AD$303,$A35,$AK$7:$AK$303,1)) -> 0 | P35: =IF($A35="","",O35&" of "&J35) -> 0 of 0 | Q35: =IF($A35="","",SUMIFS($AM$7:$AM$303,$AD$7:$AD$303,$A35)) -> 3846.23 | R35: =IF(OR($A35="",N(Q35)=0),"",C35/Q35-1) -> 1.8792324 | S35: =IF($A35="","",IFERROR(Q35/SUMIFS($AN$7:$AN$303,$AD$7:$AD$303,$A35),"")) -> 0.28484734 | T35: =IF(OR(E35="",S35=""),"",(E35-S35)*100) -> 28.458715 | U35: =IF(S35="","",IF(S35>=$L$4,"✔ Yes","✘ No")) -> ✘ No | V35: =IF($A35="","",COUNTIFS($AD$7:$AD$303,$A35,$AQ$7:$AQ$303,1)&" of "&COUNTIFS($AD$7:$AD$303,$A35,$AP$7:$AP$303,1)) -> 0 of 2 | W35: =IF($A35="","",IFERROR(SUMIFS($AM$7:$AM$303,$AD$7:$AD$303,$A35,$AR$7:$AR$303,1)/SUMIFS($AO$7:$AO$303,$AD$7:$AD$303,$A35,$AR$7:$AR$303,1)-1,"")) | X35: =IF($A35="","",COUNTIFS($AD$7:$AD$303,$A35,$AS$7:$AS$303,1)&" of "&COUNTIFS($AD$7:$AD$303,$A35,$AR$7:$AR$303,1)) -> 0 of 0 | AB35: =IF('Sales Dashboard'!AW34="","",'Sales Dashboard'!AW34) -> DAMNAKHL | AC35: =IF(AB35="","",'Sales Dashboard'!AN34) -> Hamzah Al Makhadam | AD35: =IF(AB35="","",'Sales Dashboard'!AO34) -> Dammam | AE35: {=IF(OR(AB35="",NOT(ISNUMBER('Sales Dashboard'!BF34))),0,SUMPRODUCT((IFERROR(--'Sales and count'!$G$2:$CC$2,0)=$C$4)*('Sales and count'!$G$3:$CC$3="Total"),INDEX('Sales and count'!$G$4:$CC$300,'Sales Dashboard'!BF34,0)))} -> 17262.37 | AF35: {=IF(OR(AB35="",NOT(ISNUMBER('Sales Dashboard'!BG34))),0,SUMPRODUCT(('TY Sales Target'!$K$2:$AO$2=$C$4)*1,INDEX('TY Sales Target'!$K$5:$AO$300,'Sales Dashboard'!BG34,0)))} -> 26849.63 | AG35: {=IF(AB35="",0,SUMPRODUCT((TRIM('LY Sales '!$B$5:$B$200)=AB35)*('LY Sales '!$C$2:$AG$2=EDATE($C$4,-12)),'LY Sales '!$C$5:$AG$200))} -> 23992.61 | AH35: =--AND(AB35<>"",AF35>0) -> 1 | AI35: =--AND(AH35=1,AE35>=AF35*$L$4) -> 0 | AJ35: =--AND(AB35<>"",AG35>0) -> 1 | AK35: =--AND(AJ35=1,AE35>=AG35*$O$4) -> 0 | AL35: =--AND(AC35<>"",AC35<>"No assignment",AC35<>"Unassigned") -> 1 | AM35: {=IF(OR(AB35="",NOT(ISNUMBER('Sales Dashboard'!BF34))),0,SUMPRODUCT((IFERROR(--'Sales and count'!$G$2:$CC$2,0)=$F$4)*('Sales and count'!$G$3:$CC$3="Total"),INDEX('Sales and count'!$G$4:$CC$300,'Sales Dashboard'!BF34,0)))} -> 10381.55 | AN35: {=IF(OR(AB35="",NOT(ISNUMBER('Sales Dashboard'!BG34))),0,SUMPRODUCT(('TY Sales Target'!$K$2:$AO$2=$F$4)*1,INDEX('TY Sales Target'!$K$5:$AO$300,'Sales Dashboard'!BG34,0)))} -> 18642.029 | AO35: {=IF(AB35="",0,SUMPRODUCT((TRIM('LY Sales '!$B$5:$B$200)=AB35)*('LY Sales '!$C$2:$AG$2=EDATE($F$4,-12)),'LY Sales '!$C$5:$AG$200))} -> 8832.15 | AP35: =--AND(AB35<>"",AN35>0) -> 1 | AQ35: =--AND(AP35=1,AM35>=AN35*$L$4) -> 0 | AR35: =--AND(AB35<>"",AO35>0) -> 1 | AS35: =--AND(AR35=1,AM35>=AO35*$O$4) -> 1
A36: {=IFERROR(INDEX(_xlfn._xlws.SORT(_xlfn.UNIQUE(_xlfn._xlws.FILTER($AD$7:$AD$303,$AD$7:$AD$303<>""))),ROWS($A$30:A36)),"")} -> Buraidah | B36: =IF($A36="","",COUNTIFS($AD$7:$AD$303,$A36)) -> 2 | C36: =IF($A36="","",SUMIFS($AE$7:$AE$303,$AD$7:$AD$303,$A36)) -> 12816.1 | D36: =IF($A36="","",SUMIFS($AF$7:$AF$303,$AD$7:$AD$303,$A36)) -> 17426.93 | E36: =IF(OR($A36="",N(D36)=0),"",C36/D36) -> 0.73541928 | F36: =IF(OR($A36="",N(D36)=0),"",IF(C36>=D36*$L$4,"✔ Yes","✘ No")) -> ✘ No | G36: =IF($A36="","",COUNTIFS($AD$7:$AD$303,$A36,$AH$7:$AH$303,1)) -> 2 | H36: =IF($A36="","",COUNTIFS($AD$7:$AD$303,$A36,$AI$7:$AI$303,1)) -> 0 | I36: =IF($A36="","",H36&" of "&G36) -> 0 of 2 | J36: =IF($A36="","",COUNTIFS($AD$7:$AD$303,$A36,$AJ$7:$AJ$303,1)) -> 1 | K36: =IF($A36="","",SUMIFS($AE$7:$AE$303,$AD$7:$AD$303,$A36,$AJ$7:$AJ$303,1)) -> 8165.04 | L36: =IF($A36="","",SUMIFS($AG$7:$AG$303,$AD$7:$AD$303,$A36,$AJ$7:$AJ$303,1)) -> 7484.38 | M36: =IF(OR($A36="",N(L36)=0),"",K36/L36-1) -> 0.090944073 | N36: =IF(OR($A36="",N(L36)=0),"",IF(K36>=L36*$O$4,"✔ Yes","✘ No")) -> ✔ Yes | O36: =IF($A36="","",COUNTIFS($AD$7:$AD$303,$A36,$AK$7:$AK$303,1)) -> 1 | P36: =IF($A36="","",O36&" of "&J36) -> 1 of 1 | Q36: =IF($A36="","",SUMIFS($AM$7:$AM$303,$AD$7:$AD$303,$A36)) -> 6233.33 | R36: =IF(OR($A36="",N(Q36)=0),"",C36/Q36-1) -> 1.0560599 | S36: =IF($A36="","",IFERROR(Q36/SUMIFS($AN$7:$AN$303,$AD$7:$AD$303,$A36),"")) -> 0.51516265 | T36: =IF(OR(E36="",S36=""),"",(E36-S36)*100) -> 22.025663 | U36: =IF(S36="","",IF(S36>=$L$4,"✔ Yes","✘ No")) -> ✘ No | V36: =IF($A36="","",COUNTIFS($AD$7:$AD$303,$A36,$AQ$7:$AQ$303,1)&" of "&COUNTIFS($AD$7:$AD$303,$A36,$AP$7:$AP$303,1)) -> 0 of 2 | W36: =IF($A36="","",IFERROR(SUMIFS($AM$7:$AM$303,$AD$7:$AD$303,$A36,$AR$7:$AR$303,1)/SUMIFS($AO$7:$AO$303,$AD$7:$AD$303,$A36,$AR$7:$AR$303,1)-1,"")) -> 0.074208542 | X36: =IF($A36="","",COUNTIFS($AD$7:$AD$303,$A36,$AS$7:$AS$303,1)&" of "&COUNTIFS($AD$7:$AD$303,$A36,$AR$7:$AR$303,1)) -> 1 of 1 | AB36: =IF('Sales Dashboard'!AW35="","",'Sales Dashboard'!AW35) -> HADLHTBHHT | AC36: =IF(AB36="","",'Sales Dashboard'!AN35) -> Mohammed Haidar | AD36: =IF(AB36="","",'Sales Dashboard'!AO35) -> Madinah | AE36: {=IF(OR(AB36="",NOT(ISNUMBER('Sales Dashboard'!BF35))),0,SUMPRODUCT((IFERROR(--'Sales and count'!$G$2:$CC$2,0)=$C$4)*('Sales and count'!$G$3:$CC$3="Total"),INDEX('Sales and count'!$G$4:$CC$300,'Sales Dashboard'!BF35,0)))} -> 6241.18 | AF36: {=IF(OR(AB36="",NOT(ISNUMBER('Sales Dashboard'!BG35))),0,SUMPRODUCT(('TY Sales Target'!$K$2:$AO$2=$C$4)*1,INDEX('TY Sales Target'!$K$5:$AO$300,'Sales Dashboard'!BG35,0)))} -> 13323.496 | AG36: {=IF(AB36="",0,SUMPRODUCT((TRIM('LY Sales '!$B$5:$B$200)=AB36)*('LY Sales '!$C$2:$AG$2=EDATE($C$4,-12)),'LY Sales '!$C$5:$AG$200))} -> 0 | AH36: =--AND(AB36<>"",AF36>0) -> 1 | AI36: =--AND(AH36=1,AE36>=AF36*$L$4) -> 0 | AJ36: =--AND(AB36<>"",AG36>0) -> 0 | AK36: =--AND(AJ36=1,AE36>=AG36*$O$4) -> 0 | AL36: =--AND(AC36<>"",AC36<>"No assignment",AC36<>"Unassigned") -> 1 | AM36: {=IF(OR(AB36="",NOT(ISNUMBER('Sales Dashboard'!BF35))),0,SUMPRODUCT((IFERROR(--'Sales and count'!$G$2:$CC$2,0)=$F$4)*('Sales and count'!$G$3:$CC$3="Total"),INDEX('Sales and count'!$G$4:$CC$300,'Sales Dashboard'!BF35,0)))} -> 9352.62 | AN36: {=IF(OR(AB36="",NOT(ISNUMBER('Sales Dashboard'!BG35))),0,SUMPRODUCT(('TY Sales Target'!$K$2:$AO$2=$F$4)*1,INDEX('TY Sales Target'!$K$5:$AO$300,'Sales Dashboard'!BG35,0)))} -> 9250.6673 | AO36: {=IF(AB36="",0,SUMPRODUCT((TRIM('LY Sales '!$B$5:$B$200)=AB36)*('LY Sales '!$C$2:$AG$2=EDATE($F$4,-12)),'LY Sales '!$C$5:$AG$200))} -> 0 | AP36: =--AND(AB36<>"",AN36>0) -> 1 | AQ36: =--AND(AP36=1,AM36>=AN36*$L$4) -> 1 | AR36: =--AND(AB36<>"",AO36>0) -> 0 | AS36: =--AND(AR36=1,AM36>=AO36*$O$4) -> 0
A37: {=IFERROR(INDEX(_xlfn._xlws.SORT(_xlfn.UNIQUE(_xlfn._xlws.FILTER($AD$7:$AD$303,$AD$7:$AD$303<>""))),ROWS($A$30:A37)),"")} -> Dammam | B37: =IF($A37="","",COUNTIFS($AD$7:$AD$303,$A37)) -> 3 | C37: =IF($A37="","",SUMIFS($AE$7:$AE$303,$AD$7:$AD$303,$A37)) -> 35898.63 | D37: =IF($A37="","",SUMIFS($AF$7:$AF$303,$AD$7:$AD$303,$A37)) -> 52128.81 | E37: =IF(OR($A37="",N(D37)=0),"",C37/D37) -> 0.6886524 | F37: =IF(OR($A37="",N(D37)=0),"",IF(C37>=D37*$L$4,"✔ Yes","✘ No")) -> ✘ No | G37: =IF($A37="","",COUNTIFS($AD$7:$AD$303,$A37,$AH$7:$AH$303,1)) -> 3 | H37: =IF($A37="","",COUNTIFS($AD$7:$AD$303,$A37,$AI$7:$AI$303,1)) -> 1 | I37: =IF($A37="","",H37&" of "&G37) -> 1 of 3 | J37: =IF($A37="","",COUNTIFS($AD$7:$AD$303,$A37,$AJ$7:$AJ$303,1)) -> 3 | K37: =IF($A37="","",SUMIFS($AE$7:$AE$303,$AD$7:$AD$303,$A37,$AJ$7:$AJ$303,1)) -> 35898.63 | L37: =IF($A37="","",SUMIFS($AG$7:$AG$303,$AD$7:$AD$303,$A37,$AJ$7:$AJ$303,1)) -> 37778.96 | M37: =IF(OR($A37="",N(L37)=0),"",K37/L37-1) -> -0.049771884 | N37: =IF(OR($A37="",N(L37)=0),"",IF(K37>=L37*$O$4,"✔ Yes","✘ No")) -> ✘ No | O37: =IF($A37="","",COUNTIFS($AD$7:$AD$303,$A37,$AK$7:$AK$303,1)) -> 2 | P37: =IF($A37="","",O37&" of "&J37) -> 2 of 3 | Q37: =IF($A37="","",SUMIFS($AM$7:$AM$303,$AD$7:$AD$303,$A37)) -> 18425.97 | R37: =IF(OR($A37="",N(Q37)=0),"",C37/Q37-1) -> 0.9482627 | S37: =IF($A37="","",IFERROR(Q37/SUMIFS($AN$7:$AN$303,$AD$7:$AD$303,$A37),"")) -> 0.50909364 | T37: =IF(OR(E37="",S37=""),"",(E37-S37)*100) -> 17.955876 | U37: =IF(S37="","",IF(S37>=$L$4,"✔ Yes","✘ No")) -> ✘ No | V37: =IF($A37="","",COUNTIFS($AD$7:$AD$303,$A37,$AQ$7:$AQ$303,1)&" of "&COUNTIFS($AD$7:$AD$303,$A37,$AP$7:$AP$303,1)) -> 0 of 3 | W37: =IF($A37="","",IFERROR(SUMIFS($AM$7:$AM$303,$AD$7:$AD$303,$A37,$AR$7:$AR$303,1)/SUMIFS($AO$7:$AO$303,$AD$7:$AD$303,$A37,$AR$7:$AR$303,1)-1,"")) -> 0.41616658 | X37: =IF($A37="","",COUNTIFS($AD$7:$AD$303,$A37,$AS$7:$AS$303,1)&" of "&COUNTIFS($AD$7:$AD$303,$A37,$AR$7:$AR$303,1)) -> 3 of 3 | AB37: =IF('Sales Dashboard'!AW36="","",'Sales Dashboard'!AW36) -> JEDDSALAM | AC37: =IF(AB37="","",'Sales Dashboard'!AN36) -> Ahlam Al Zahrani | AD37: =IF(AB37="","",'Sales Dashboard'!AO36) -> Jeddah | AE37: {=IF(OR(AB37="",NOT(ISNUMBER('Sales Dashboard'!BF36))),0,SUMPRODUCT((IFERROR(--'Sales and count'!$G$2:$CC$2,0)=$C$4)*('Sales and count'!$G$3:$CC$3="Total"),INDEX('Sales and count'!$G$4:$CC$300,'Sales Dashboard'!BF36,0)))} -> 7186.19 | AF37: {=IF(OR(AB37="",NOT(ISNUMBER('Sales Dashboard'!BG36))),0,SUMPRODUCT(('TY Sales Target'!$K$2:$AO$2=$C$4)*1,INDEX('TY Sales Target'!$K$5:$AO$300,'Sales Dashboard'!BG36,0)))} -> 9878.6374 | AG37: {=IF(AB37="",0,SUMPRODUCT((TRIM('LY Sales '!$B$5:$B$200)=AB37)*('LY Sales '!$C$2:$AG$2=EDATE($C$4,-12)),'LY Sales '!$C$5:$AG$200))} -> 8430.16 | AH37: =--AND(AB37<>"",AF37>0) -> 1 | AI37: =--AND(AH37=1,AE37>=AF37*$L$4) -> 0 | AJ37: =--AND(AB37<>"",AG37>0) -> 1 | AK37: =--AND(AJ37=1,AE37>=AG37*$O$4) -> 0 | AL37: =--AND(AC37<>"",AC37<>"No assignment",AC37<>"Unassigned") -> 1 | AM37: {=IF(OR(AB37="",NOT(ISNUMBER('Sales Dashboard'!BF36))),0,SUMPRODUCT((IFERROR(--'Sales and count'!$G$2:$CC$2,0)=$F$4)*('Sales and count'!$G$3:$CC$3="Total"),INDEX('Sales and count'!$G$4:$CC$300,'Sales Dashboard'!BF36,0)))} -> 4396.33 | AN37: {=IF(OR(AB37="",NOT(ISNUMBER('Sales Dashboard'!BG36))),0,SUMPRODUCT(('TY Sales Target'!$K$2:$AO$2=$F$4)*1,INDEX('TY Sales Target'!$K$5:$AO$300,'Sales Dashboard'!BG36,0)))} -> 6858.8598 | AO37: {=IF(AB37="",0,SUMPRODUCT((TRIM('LY Sales '!$B$5:$B$200)=AB37)*('LY Sales '!$C$2:$AG$2=EDATE($F$4,-12)),'LY Sales '!$C$5:$AG$200))} -> 2562.03 | AP37: =--AND(AB37<>"",AN37>0) -> 1 | AQ37: =--AND(AP37=1,AM37>=AN37*$L$4) -> 0 | AR37: =--AND(AB37<>"",AO37>0) -> 1 | AS37: =--AND(AR37=1,AM37>=AO37*$O$4) -> 1
A38: {=IFERROR(INDEX(_xlfn._xlws.SORT(_xlfn.UNIQUE(_xlfn._xlws.FILTER($AD$7:$AD$303,$AD$7:$AD$303<>""))),ROWS($A$30:A38)),"")} -> Dawadami | B38: =IF($A38="","",COUNTIFS($AD$7:$AD$303,$A38)) -> 1 | C38: =IF($A38="","",SUMIFS($AE$7:$AE$303,$AD$7:$AD$303,$A38)) -> 4209.13 | D38: =IF($A38="","",SUMIFS($AF$7:$AF$303,$AD$7:$AD$303,$A38)) -> 4812.6695 | E38: =IF(OR($A38="",N(D38)=0),"",C38/D38) -> 0.87459361 | F38: =IF(OR($A38="",N(D38)=0),"",IF(C38>=D38*$L$4,"✔ Yes","✘ No")) -> ✔ Yes | G38: =IF($A38="","",COUNTIFS($AD$7:$AD$303,$A38,$AH$7:$AH$303,1)) -> 1 | H38: =IF($A38="","",COUNTIFS($AD$7:$AD$303,$A38,$AI$7:$AI$303,1)) -> 1 | I38: =IF($A38="","",H38&" of "&G38) -> 1 of 1 | J38: =IF($A38="","",COUNTIFS($AD$7:$AD$303,$A38,$AJ$7:$AJ$303,1)) -> 0 | K38: =IF($A38="","",SUMIFS($AE$7:$AE$303,$AD$7:$AD$303,$A38,$AJ$7:$AJ$303,1)) -> 0 | L38: =IF($A38="","",SUMIFS($AG$7:$AG$303,$AD$7:$AD$303,$A38,$AJ$7:$AJ$303,1)) -> 0 | M38: =IF(OR($A38="",N(L38)=0),"",K38/L38-1) | N38: =IF(OR($A38="",N(L38)=0),"",IF(K38>=L38*$O$4,"✔ Yes","✘ No")) | O38: =IF($A38="","",COUNTIFS($AD$7:$AD$303,$A38,$AK$7:$AK$303,1)) -> 0 | P38: =IF($A38="","",O38&" of "&J38) -> 0 of 0 | Q38: =IF($A38="","",SUMIFS($AM$7:$AM$303,$AD$7:$AD$303,$A38)) -> 2656.15 | R38: =IF(OR($A38="",N(Q38)=0),"",C38/Q38-1) -> 0.58467331 | S38: =IF($A38="","",IFERROR(Q38/SUMIFS($AN$7:$AN$303,$AD$7:$AD$303,$A38),"")) -> 0.7948985 | T38: =IF(OR(E38="",S38=""),"",(E38-S38)*100) -> 7.9695105 | U38: =IF(S38="","",IF(S38>=$L$4,"✔ Yes","✘ No")) -> ✘ No | V38: =IF($A38="","",COUNTIFS($AD$7:$AD$303,$A38,$AQ$7:$AQ$303,1)&" of "&COUNTIFS($AD$7:$AD$303,$A38,$AP$7:$AP$303,1)) -> 0 of 1 | W38: =IF($A38="","",IFERROR(SUMIFS($AM$7:$AM$303,$AD$7:$AD$303,$A38,$AR$7:$AR$303,1)/SUMIFS($AO$7:$AO$303,$AD$7:$AD$303,$A38,$AR$7:$AR$303,1)-1,"")) | X38: =IF($A38="","",COUNTIFS($AD$7:$AD$303,$A38,$AS$7:$AS$303,1)&" of "&COUNTIFS($AD$7:$AD$303,$A38,$AR$7:$AR$303,1)) -> 0 of 0 | AB38: =IF('Sales Dashboard'!AW37="","",'Sales Dashboard'!AW37) -> HAGRIDPLZA | AC38: =IF(AB38="","",'Sales Dashboard'!AN37) -> Mohammed Sanad | AD38: =IF(AB38="","",'Sales Dashboard'!AO37) -> Skaka | AE38: {=IF(OR(AB38="",NOT(ISNUMBER('Sales Dashboard'!BF37))),0,SUMPRODUCT((IFERROR(--'Sales and count'!$G$2:$CC$2,0)=$C$4)*('Sales and count'!$G$3:$CC$3="Total"),INDEX('Sales and count'!$G$4:$CC$300,'Sales Dashboard'!BF37,0)))} -> 6037.05 | AF38: {=IF(OR(AB38="",NOT(ISNUMBER('Sales Dashboard'!BG37))),0,SUMPRODUCT(('TY Sales Target'!$K$2:$AO$2=$C$4)*1,INDEX('TY Sales Target'!$K$5:$AO$300,'Sales Dashboard'!BG37,0)))} -> 10739.852 | AG38: {=IF(AB38="",0,SUMPRODUCT((TRIM('LY Sales '!$B$5:$B$200)=AB38)*('LY Sales '!$C$2:$AG$2=EDATE($C$4,-12)),'LY Sales '!$C$5:$AG$200))} -> 0 | AH38: =--AND(AB38<>"",AF38>0) -> 1 | AI38: =--AND(AH38=1,AE38>=AF38*$L$4) -> 0 | AJ38: =--AND(AB38<>"",AG38>0) -> 0 | AK38: =--AND(AJ38=1,AE38>=AG38*$O$4) -> 0 | AL38: =--AND(AC38<>"",AC38<>"No assignment",AC38<>"Unassigned") -> 1 | AM38: {=IF(OR(AB38="",NOT(ISNUMBER('Sales Dashboard'!BF37))),0,SUMPRODUCT((IFERROR(--'Sales and count'!$G$2:$CC$2,0)=$F$4)*('Sales and count'!$G$3:$CC$3="Total"),INDEX('Sales and count'!$G$4:$CC$300,'Sales Dashboard'!BF37,0)))} -> 3012.23 | AN38: {=IF(OR(AB38="",NOT(ISNUMBER('Sales Dashboard'!BG37))),0,SUMPRODUCT(('TY Sales Target'!$K$2:$AO$2=$F$4)*1,INDEX('TY Sales Target'!$K$5:$AO$300,'Sales Dashboard'!BG37,0)))} -> 7456.8117 | AO38: {=IF(AB38="",0,SUMPRODUCT((TRIM('LY Sales '!$B$5:$B$200)=AB38)*('LY Sales '!$C$2:$AG$2=EDATE($F$4,-12)),'LY Sales '!$C$5:$AG$200))} -> 0 | AP38: =--AND(AB38<>"",AN38>0) -> 1 | AQ38: =--AND(AP38=1,AM38>=AN38*$L$4) -> 0 | AR38: =--AND(AB38<>"",AO38>0) -> 0 | AS38: =--AND(AR38=1,AM38>=AO38*$O$4) -> 0
A39: {=IFERROR(INDEX(_xlfn._xlws.SORT(_xlfn.UNIQUE(_xlfn._xlws.FILTER($AD$7:$AD$303,$AD$7:$AD$303<>""))),ROWS($A$30:A39)),"")} -> Doha | B39: =IF($A39="","",COUNTIFS($AD$7:$AD$303,$A39)) -> 1 | C39: =IF($A39="","",SUMIFS($AE$7:$AE$303,$AD$7:$AD$303,$A39)) -> 20193 | D39: =IF($A39="","",SUMIFS($AF$7:$AF$303,$AD$7:$AD$303,$A39)) -> 50659.679 | E39: =IF(OR($A39="",N(D39)=0),"",C39/D39) -> 0.39860102 | F39: =IF(OR($A39="",N(D39)=0),"",IF(C39>=D39*$L$4,"✔ Yes","✘ No")) -> ✘ No | G39: =IF($A39="","",COUNTIFS($AD$7:$AD$303,$A39,$AH$7:$AH$303,1)) -> 1 | H39: =IF($A39="","",COUNTIFS($AD$7:$AD$303,$A39,$AI$7:$AI$303,1)) -> 0 | I39: =IF($A39="","",H39&" of "&G39) -> 0 of 1 | J39: =IF($A39="","",COUNTIFS($AD$7:$AD$303,$A39,$AJ$7:$AJ$303,1)) -> 0 | K39: =IF($A39="","",SUMIFS($AE$7:$AE$303,$AD$7:$AD$303,$A39,$AJ$7:$AJ$303,1)) -> 0 | L39: =IF($A39="","",SUMIFS($AG$7:$AG$303,$AD$7:$AD$303,$A39,$AJ$7:$AJ$303,1)) -> 0 | M39: =IF(OR($A39="",N(L39)=0),"",K39/L39-1) | N39: =IF(OR($A39="",N(L39)=0),"",IF(K39>=L39*$O$4,"✔ Yes","✘ No")) | O39: =IF($A39="","",COUNTIFS($AD$7:$AD$303,$A39,$AK$7:$AK$303,1)) -> 0 | P39: =IF($A39="","",O39&" of "&J39) -> 0 of 0 | Q39: =IF($A39="","",SUMIFS($AM$7:$AM$303,$AD$7:$AD$303,$A39)) -> 21262 | R39: =IF(OR($A39="",N(Q39)=0),"",C39/Q39-1) -> -0.05027749 | S39: =IF($A39="","",IFERROR(Q39/SUMIFS($AN$7:$AN$303,$AD$7:$AD$303,$A39),"")) -> 0.60448677 | T39: =IF(OR(E39="",S39=""),"",(E39-S39)*100) -> -20.588575 | U39: =IF(S39="","",IF(S39>=$L$4,"✔ Yes","✘ No")) -> ✘ No | V39: =IF($A39="","",COUNTIFS($AD$7:$AD$303,$A39,$AQ$7:$AQ$303,1)&" of "&COUNTIFS($AD$7:$AD$303,$A39,$AP$7:$AP$303,1)) -> 0 of 1 | W39: =IF($A39="","",IFERROR(SUMIFS($AM$7:$AM$303,$AD$7:$AD$303,$A39,$AR$7:$AR$303,1)/SUMIFS($AO$7:$AO$303,$AD$7:$AD$303,$A39,$AR$7:$AR$303,1)-1,"")) | X39: =IF($A39="","",COUNTIFS($AD$7:$AD$303,$A39,$AS$7:$AS$303,1)&" of "&COUNTIFS($AD$7:$AD$303,$A39,$AR$7:$AR$303,1)) -> 0 of 0 | AB39: =IF('Sales Dashboard'!AW38="","",'Sales Dashboard'!AW38) -> HASALMMAL | AC39: =IF(AB39="","",'Sales Dashboard'!AN38) -> Lina Al Ghathami | AD39: =IF(AB39="","",'Sales Dashboard'!AO38) -> Riyadh | AE39: {=IF(OR(AB39="",NOT(ISNUMBER('Sales Dashboard'!BF38))),0,SUMPRODUCT((IFERROR(--'Sales and count'!$G$2:$CC$2,0)=$C$4)*('Sales and count'!$G$3:$CC$3="Total"),INDEX('Sales and count'!$G$4:$CC$300,'Sales Dashboard'!BF38,0)))} -> 11688.2 | AF39: {=IF(OR(AB39="",NOT(ISNUMBER('Sales Dashboard'!BG38))),0,SUMPRODUCT(('TY Sales Target'!$K$2:$AO$2=$C$4)*1,INDEX('TY Sales Target'!$K$5:$AO$300,'Sales Dashboard'!BG38,0)))} -> 13019.538 | AG39: {=IF(AB39="",0,SUMPRODUCT((TRIM('LY Sales '!$B$5:$B$200)=AB39)*('LY Sales '!$C$2:$AG$2=EDATE($C$4,-12)),'LY Sales '!$C$5:$AG$200))} -> 9492.18 | AH39: =--AND(AB39<>"",AF39>0) -> 1 | AI39: =--AND(AH39=1,AE39>=AF39*$L$4) -> 1 | AJ39: =--AND(AB39<>"",AG39>0) -> 1 | AK39: =--AND(AJ39=1,AE39>=AG39*$O$4) -> 1 | AL39: =--AND(AC39<>"",AC39<>"No assignment",AC39<>"Unassigned") -> 1 | AM39: {=IF(OR(AB39="",NOT(ISNUMBER('Sales Dashboard'!BF38))),0,SUMPRODUCT((IFERROR(--'Sales and count'!$G$2:$CC$2,0)=$F$4)*('Sales and count'!$G$3:$CC$3="Total"),INDEX('Sales and count'!$G$4:$CC$300,'Sales Dashboard'!BF38,0)))} -> 3270.18 | AN39: {=IF(OR(AB39="",NOT(ISNUMBER('Sales Dashboard'!BG38))),0,SUMPRODUCT(('TY Sales Target'!$K$2:$AO$2=$F$4)*1,INDEX('TY Sales Target'!$K$5:$AO$300,'Sales Dashboard'!BG38,0)))} -> 9039.6254 | AO39: {=IF(AB39="",0,SUMPRODUCT((TRIM('LY Sales '!$B$5:$B$200)=AB39)*('LY Sales '!$C$2:$AG$2=EDATE($F$4,-12)),'LY Sales '!$C$5:$AG$200))} -> 4793.03 | AP39: =--AND(AB39<>"",AN39>0) -> 1 | AQ39: =--AND(AP39=1,AM39>=AN39*$L$4) -> 0 | AR39: =--AND(AB39<>"",AO39>0) -> 1 | AS39: =--AND(AR39=1,AM39>=AO39*$O$4) -> 0
A40: {=IFERROR(INDEX(_xlfn._xlws.SORT(_xlfn.UNIQUE(_xlfn._xlws.FILTER($AD$7:$AD$303,$AD$7:$AD$303<>""))),ROWS($A$30:A40)),"")} -> Hafer Al Batin | B40: =IF($A40="","",COUNTIFS($AD$7:$AD$303,$A40)) -> 2 | C40: =IF($A40="","",SUMIFS($AE$7:$AE$303,$AD$7:$AD$303,$A40)) -> 25021.53 | D40: =IF($A40="","",SUMIFS($AF$7:$AF$303,$AD$7:$AD$303,$A40)) -> 36373.65 | E40: =IF(OR($A40="",N(D40)=0),"",C40/D40) -> 0.68790265 | F40: =IF(OR($A40="",N(D40)=0),"",IF(C40>=D40*$L$4,"✔ Yes","✘ No")) -> ✘ No | G40: =IF($A40="","",COUNTIFS($AD$7:$AD$303,$A40,$AH$7:$AH$303,1)) -> 2 | H40: =IF($A40="","",COUNTIFS($AD$7:$AD$303,$A40,$AI$7:$AI$303,1)) -> 0 | I40: =IF($A40="","",H40&" of "&G40) -> 0 of 2 | J40: =IF($A40="","",COUNTIFS($AD$7:$AD$303,$A40,$AJ$7:$AJ$303,1)) -> 1 | K40: =IF($A40="","",SUMIFS($AE$7:$AE$303,$AD$7:$AD$303,$A40,$AJ$7:$AJ$303,1)) -> 18003.31 | L40: =IF($A40="","",SUMIFS($AG$7:$AG$303,$AD$7:$AD$303,$A40,$AJ$7:$AJ$303,1)) -> 24824.84 | M40: =IF(OR($A40="",N(L40)=0),"",K40/L40-1) -> -0.27478646 | N40: =IF(OR($A40="",N(L40)=0),"",IF(K40>=L40*$O$4,"✔ Yes","✘ No")) -> ✘ No | O40: =IF($A40="","",COUNTIFS($AD$7:$AD$303,$A40,$AK$7:$AK$303,1)) -> 0 | P40: =IF($A40="","",O40&" of "&J40) -> 0 of 1 | Q40: =IF($A40="","",SUMIFS($AM$7:$AM$303,$AD$7:$AD$303,$A40)) -> 7340.43 | R40: =IF(OR($A40="",N(Q40)=0),"",C40/Q40-1) -> 2.4087281 | S40: =IF($A40="","",IFERROR(Q40/SUMIFS($AN$7:$AN$303,$AD$7:$AD$303,$A40),"")) -> 0.2906563 | T40: =IF(OR(E40="",S40=""),"",(E40-S40)*100) -> 39.724635 | U40: =IF(S40="","",IF(S40>=$L$4,"✔ Yes","✘ No")) -> ✘ No | V40: =IF($A40="","",COUNTIFS($AD$7:$AD$303,$A40,$AQ$7:$AQ$303,1)&" of "&COUNTIFS($AD$7:$AD$303,$A40,$AP$7:$AP$303,1)) -> 0 of 2 | W40: =IF($A40="","",IFERROR(SUMIFS($AM$7:$AM$303,$AD$7:$AD$303,$A40,$AR$7:$AR$303,1)/SUMIFS($AO$7:$AO$303,$AD$7:$AD$303,$A40,$AR$7:$AR$303,1)-1,"")) -> -0.72883704 | X40: =IF($A40="","",COUNTIFS($AD$7:$AD$303,$A40,$AS$7:$AS$303,1)&" of "&COUNTIFS($AD$7:$AD$303,$A40,$AR$7:$AR$303,1)) -> 0 of 1 | AB40: =IF('Sales Dashboard'!AW39="","",'Sales Dashboard'!AW39) -> HAMUNAIRA | AC40: =IF(AB40="","",'Sales Dashboard'!AN39) -> Saleh Bin Hoiel | AD40: =IF(AB40="","",'Sales Dashboard'!AO39) -> Jeddah | AE40: {=IF(OR(AB40="",NOT(ISNUMBER('Sales Dashboard'!BF39))),0,SUMPRODUCT((IFERROR(--'Sales and count'!$G$2:$CC$2,0)=$C$4)*('Sales and count'!$G$3:$CC$3="Total"),INDEX('Sales and count'!$G$4:$CC$300,'Sales Dashboard'!BF39,0)))} -> 3662.05 | AF40: {=IF(OR(AB40="",NOT(ISNUMBER('Sales Dashboard'!BG39))),0,SUMPRODUCT(('TY Sales Target'!$K$2:$AO$2=$C$4)*1,INDEX('TY Sales Target'!$K$5:$AO$300,'Sales Dashboard'!BG39,0)))} -> 4306.0727 | AG40: {=IF(AB40="",0,SUMPRODUCT((TRIM('LY Sales '!$B$5:$B$200)=AB40)*('LY Sales '!$C$2:$AG$2=EDATE($C$4,-12)),'LY Sales '!$C$5:$AG$200))} -> 0 | AH40: =--AND(AB40<>"",AF40>0) -> 1 | AI40: =--AND(AH40=1,AE40>=AF40*$L$4) -> 1 | AJ40: =--AND(AB40<>"",AG40>0) -> 0 | AK40: =--AND(AJ40=1,AE40>=AG40*$O$4) -> 0 | AL40: =--AND(AC40<>"",AC40<>"No assignment",AC40<>"Unassigned") -> 1 | AM40: {=IF(OR(AB40="",NOT(ISNUMBER('Sales Dashboard'!BF39))),0,SUMPRODUCT((IFERROR(--'Sales and count'!$G$2:$CC$2,0)=$F$4)*('Sales and count'!$G$3:$CC$3="Total"),INDEX('Sales and count'!$G$4:$CC$300,'Sales Dashboard'!BF39,0)))} -> 2570.15 | AN40: {=IF(OR(AB40="",NOT(ISNUMBER('Sales Dashboard'!BG39))),0,SUMPRODUCT(('TY Sales Target'!$K$2:$AO$2=$F$4)*1,INDEX('TY Sales Target'!$K$5:$AO$300,'Sales Dashboard'!BG39,0)))} -> 2989.7594 | AO40: {=IF(AB40="",0,SUMPRODUCT((TRIM('LY Sales '!$B$5:$B$200)=AB40)*('LY Sales '!$C$2:$AG$2=EDATE($F$4,-12)),'LY Sales '!$C$5:$AG$200))} -> 0 | AP40: =--AND(AB40<>"",AN40>0) -> 1 | AQ40: =--AND(AP40=1,AM40>=AN40*$L$4) -> 1 | AR40: =--AND(AB40<>"",AO40>0) -> 0 | AS40: =--AND(AR40=1,AM40>=AO40*$O$4) -> 0
A41: {=IFERROR(INDEX(_xlfn._xlws.SORT(_xlfn.UNIQUE(_xlfn._xlws.FILTER($AD$7:$AD$303,$AD$7:$AD$303<>""))),ROWS($A$30:A41)),"")} -> Hail | B41: =IF($A41="","",COUNTIFS($AD$7:$AD$303,$A41)) -> 3 | C41: =IF($A41="","",SUMIFS($AE$7:$AE$303,$AD$7:$AD$303,$A41)) -> 16601.31 | D41: =IF($A41="","",SUMIFS($AF$7:$AF$303,$AD$7:$AD$303,$A41)) -> 24012.688 | E41: =IF(OR($A41="",N(D41)=0),"",C41/D41) -> 0.69135576 | F41: =IF(OR($A41="",N(D41)=0),"",IF(C41>=D41*$L$4,"✔ Yes","✘ No")) -> ✘ No | G41: =IF($A41="","",COUNTIFS($AD$7:$AD$303,$A41,$AH$7:$AH$303,1)) -> 3 | H41: =IF($A41="","",COUNTIFS($AD$7:$AD$303,$A41,$AI$7:$AI$303,1)) -> 1 | I41: =IF($A41="","",H41&" of "&G41) -> 1 of 3 | J41: =IF($A41="","",COUNTIFS($AD$7:$AD$303,$A41,$AJ$7:$AJ$303,1)) -> 2 | K41: =IF($A41="","",SUMIFS($AE$7:$AE$303,$AD$7:$AD$303,$A41,$AJ$7:$AJ$303,1)) -> 12397.2 | L41: =IF($A41="","",SUMIFS($AG$7:$AG$303,$AD$7:$AD$303,$A41,$AJ$7:$AJ$303,1)) -> 20031.57 | M41: =IF(OR($A41="",N(L41)=0),"",K41/L41-1) -> -0.38111691 | N41: =IF(OR($A41="",N(L41)=0),"",IF(K41>=L41*$O$4,"✔ Yes","✘ No")) -> ✘ No | O41: =IF($A41="","",COUNTIFS($AD$7:$AD$303,$A41,$AK$7:$AK$303,1)) -> 0 | P41: =IF($A41="","",O41&" of "&J41) -> 0 of 2 | Q41: =IF($A41="","",SUMIFS($AM$7:$AM$303,$AD$7:$AD$303,$A41)) -> 5221.28 | R41: =IF(OR($A41="",N(Q41)=0),"",C41/Q41-1) -> 2.1795479 | S41: =IF($A41="","",IFERROR(Q41/SUMIFS($AN$7:$AN$303,$AD$7:$AD$303,$A41),"")) -> 0.31317085 | T41: =IF(OR(E41="",S41=""),"",(E41-S41)*100) -> 37.818491 | U41: =IF(S41="","",IF(S41>=$L$4,"✔ Yes","✘ No")) -> ✘ No | V41: =IF($A41="","",COUNTIFS($AD$7:$AD$303,$A41,$AQ$7:$AQ$303,1)&" of "&COUNTIFS($AD$7:$AD$303,$A41,$AP$7:$AP$303,1)) -> 0 of 3 | W41: =IF($A41="","",IFERROR(SUMIFS($AM$7:$AM$303,$AD$7:$AD$303,$A41,$AR$7:$AR$303,1)/SUMIFS($AO$7:$AO$303,$AD$7:$AD$303,$A41,$AR$7:$AR$303,1)-1,"")) -> -0.4728019 | X41: =IF($A41="","",COUNTIFS($AD$7:$AD$303,$A41,$AS$7:$AS$303,1)&" of "&COUNTIFS($AD$7:$AD$303,$A41,$AR$7:$AR$303,1)) -> 0 of 2 | AB41: =IF('Sales Dashboard'!AW40="","",'Sales Dashboard'!AW40) -> HAJUBAILML | AC41: =IF(AB41="","",'Sales Dashboard'!AN40) -> Hamzah Al Makhadam | AD41: =IF(AB41="","",'Sales Dashboard'!AO40) -> Jubail | AE41: {=IF(OR(AB41="",NOT(ISNUMBER('Sales Dashboard'!BF40))),0,SUMPRODUCT((IFERROR(--'Sales and count'!$G$2:$CC$2,0)=$C$4)*('Sales and count'!$G$3:$CC$3="Total"),INDEX('Sales and count'!$G$4:$CC$300,'Sales Dashboard'!BF40,0)))} -> 5122.14 | AF41: {=IF(OR(AB41="",NOT(ISNUMBER('Sales Dashboard'!BG40))),0,SUMPRODUCT(('TY Sales Target'!$K$2:$AO$2=$C$4)*1,INDEX('TY Sales Target'!$K$5:$AO$300,'Sales Dashboard'!BG40,0)))} -> 6687.0776 | AG41: {=IF(AB41="",0,SUMPRODUCT((TRIM('LY Sales '!$B$5:$B$200)=AB41)*('LY Sales '!$C$2:$AG$2=EDATE($C$4,-12)),'LY Sales '!$C$5:$AG$200))} -> 4309.09 | AH41: =--AND(AB41<>"",AF41>0) -> 1 | AI41: =--AND(AH41=1,AE41>=AF41*$L$4) -> 0 | AJ41: =--AND(AB41<>"",AG41>0) -> 1 | AK41: =--AND(AJ41=1,AE41>=AG41*$O$4) -> 1 | AL41: =--AND(AC41<>"",AC41<>"No assignment",AC41<>"Unassigned") -> 1 | AM41: {=IF(OR(AB41="",NOT(ISNUMBER('Sales Dashboard'!BF40))),0,SUMPRODUCT((IFERROR(--'Sales and count'!$G$2:$CC$2,0)=$F$4)*('Sales and count'!$G$3:$CC$3="Total"),INDEX('Sales and count'!$G$4:$CC$300,'Sales Dashboard'!BF40,0)))} -> 2974.2 | AN41: {=IF(OR(AB41="",NOT(ISNUMBER('Sales Dashboard'!BG40))),0,SUMPRODUCT(('TY Sales Target'!$K$2:$AO$2=$F$4)*1,INDEX('TY Sales Target'!$K$5:$AO$300,'Sales Dashboard'!BG40,0)))} -> 4642.9205 | AO41: {=IF(AB41="",0,SUMPRODUCT((TRIM('LY Sales '!$B$5:$B$200)=AB41)*('LY Sales '!$C$2:$AG$2=EDATE($F$4,-12)),'LY Sales '!$C$5:$AG$200))} -> 3541.04 | AP41: =--AND(AB41<>"",AN41>0) -> 1 | AQ41: =--AND(AP41=1,AM41>=AN41*$L$4) -> 0 | AR41: =--AND(AB41<>"",AO41>0) -> 1 | AS41: =--AND(AR41=1,AM41>=AO41*$O$4) -> 0
A42: {=IFERROR(INDEX(_xlfn._xlws.SORT(_xlfn.UNIQUE(_xlfn._xlws.FILTER($AD$7:$AD$303,$AD$7:$AD$303<>""))),ROWS($A$30:A42)),"")} -> Jeddah | B42: =IF($A42="","",COUNTIFS($AD$7:$AD$303,$A42)) -> 20 | C42: =IF($A42="","",SUMIFS($AE$7:$AE$303,$AD$7:$AD$303,$A42)) -> 189492.84 | D42: =IF($A42="","",SUMIFS($AF$7:$AF$303,$AD$7:$AD$303,$A42)) -> 255578.08 | E42: =IF(OR($A42="",N(D42)=0),"",C42/D42) -> 0.74142837 | F42: =IF(OR($A42="",N(D42)=0),"",IF(C42>=D42*$L$4,"✔ Yes","✘ No")) -> ✘ No | G42: =IF($A42="","",COUNTIFS($AD$7:$AD$303,$A42,$AH$7:$AH$303,1)) -> 20 | H42: =IF($A42="","",COUNTIFS($AD$7:$AD$303,$A42,$AI$7:$AI$303,1)) -> 8 | I42: =IF($A42="","",H42&" of "&G42) -> 8 of 20 | J42: =IF($A42="","",COUNTIFS($AD$7:$AD$303,$A42,$AJ$7:$AJ$303,1)) -> 12 | K42: =IF($A42="","",SUMIFS($AE$7:$AE$303,$AD$7:$AD$303,$A42,$AJ$7:$AJ$303,1)) -> 128334.62 | L42: =IF($A42="","",SUMIFS($AG$7:$AG$303,$AD$7:$AD$303,$A42,$AJ$7:$AJ$303,1)) -> 146590.26 | M42: =IF(OR($A42="",N(L42)=0),"",K42/L42-1) -> -0.12453515 | N42: =IF(OR($A42="",N(L42)=0),"",IF(K42>=L42*$O$4,"✔ Yes","✘ No")) -> ✘ No | O42: =IF($A42="","",COUNTIFS($AD$7:$AD$303,$A42,$AK$7:$AK$303,1)) -> 4 | P42: =IF($A42="","",O42&" of "&J42) -> 4 of 12 | Q42: =IF($A42="","",SUMIFS($AM$7:$AM$303,$AD$7:$AD$303,$A42)) -> 84519.24 | R42: =IF(OR($A42="",N(Q42)=0),"",C42/Q42-1) -> 1.2420083 | S42: =IF($A42="","",IFERROR(Q42/SUMIFS($AN$7:$AN$303,$AD$7:$AD$303,$A42),"")) -> 0.47629618 | T42: =IF(OR(E42="",S42=""),"",(E42-S42)*100) -> 26.513219 | U42: =IF(S42="","",IF(S42>=$L$4,"✔ Yes","✘ No")) -> ✘ No | V42: =IF($A42="","",COUNTIFS($AD$7:$AD$303,$A42,$AQ$7:$AQ$303,1)&" of "&COUNTIFS($AD$7:$AD$303,$A42,$AP$7:$AP$303,1)) -> 2 of 20 | W42: =IF($A42="","",IFERROR(SUMIFS($AM$7:$AM$303,$AD$7:$AD$303,$A42,$AR$7:$AR$303,1)/SUMIFS($AO$7:$AO$303,$AD$7:$AD$303,$A42,$AR$7:$AR$303,1)-1,"")) -> -0.1250892 | X42: =IF($A42="","",COUNTIFS($AD$7:$AD$303,$A42,$AS$7:$AS$303,1)&" of "&COUNTIFS($AD$7:$AD$303,$A42,$AR$7:$AR$303,1)) -> 4 of 12 | AB42: =IF('Sales Dashboard'!AW41="","",'Sales Dashboard'!AW41) -> HACOMPLZ | AC42: =IF(AB42="","",'Sales Dashboard'!AN41) -> Lina Al Ghathami | AD42: =IF(AB42="","",'Sales Dashboard'!AO41) -> Riyadh | AE42: {=IF(OR(AB42="",NOT(ISNUMBER('Sales Dashboard'!BF41))),0,SUMPRODUCT((IFERROR(--'Sales and count'!$G$2:$CC$2,0)=$C$4)*('Sales and count'!$G$3:$CC$3="Total"),INDEX('Sales and count'!$G$4:$CC$300,'Sales Dashboard'!BF41,0)))} -> 21128.39 | AF42: {=IF(OR(AB42="",NOT(ISNUMBER('Sales Dashboard'!BG41))),0,SUMPRODUCT(('TY Sales Target'!$K$2:$AO$2=$C$4)*1,INDEX('TY Sales Target'!$K$5:$AO$300,'Sales Dashboard'!BG41,0)))} -> 29433.274 | AG42: {=IF(AB42="",0,SUMPRODUCT((TRIM('LY Sales '!$B$5:$B$200)=AB42)*('LY Sales '!$C$2:$AG$2=EDATE($C$4,-12)),'LY Sales '!$C$5:$AG$200))} -> 0 | AH42: =--AND(AB42<>"",AF42>0) -> 1 | AI42: =--AND(AH42=1,AE42>=AF42*$L$4) -> 0 | AJ42: =--AND(AB42<>"",AG42>0) -> 0 | AK42: =--AND(AJ42=1,AE42>=AG42*$O$4) -> 0 | AL42: =--AND(AC42<>"",AC42<>"No assignment",AC42<>"Unassigned") -> 1 | AM42: {=IF(OR(AB42="",NOT(ISNUMBER('Sales Dashboard'!BF41))),0,SUMPRODUCT((IFERROR(--'Sales and count'!$G$2:$CC$2,0)=$F$4)*('Sales and count'!$G$3:$CC$3="Total"),INDEX('Sales and count'!$G$4:$CC$300,'Sales Dashboard'!BF41,0)))} -> 12452.57 | AN42: {=IF(OR(AB42="",NOT(ISNUMBER('Sales Dashboard'!BG41))),0,SUMPRODUCT(('TY Sales Target'!$K$2:$AO$2=$F$4)*1,INDEX('TY Sales Target'!$K$5:$AO$300,'Sales Dashboard'!BG41,0)))} -> 20435.885 | AO42: {=IF(AB42="",0,SUMPRODUCT((TRIM('LY Sales '!$B$5:$B$200)=AB42)*('LY Sales '!$C$2:$AG$2=EDATE($F$4,-12)),'LY Sales '!$C$5:$AG$200))} -> 0 | AP42: =--AND(AB42<>"",AN42>0) -> 1 | AQ42: =--AND(AP42=1,AM42>=AN42*$L$4) -> 0 | AR42: =--AND(AB42<>"",AO42>0) -> 0 | AS42: =--AND(AR42=1,AM42>=AO42*$O$4) -> 0
A43: {=IFERROR(INDEX(_xlfn._xlws.SORT(_xlfn.UNIQUE(_xlfn._xlws.FILTER($AD$7:$AD$303,$AD$7:$AD$303<>""))),ROWS($A$30:A43)),"")} -> Jizan | B43: =IF($A43="","",COUNTIFS($AD$7:$AD$303,$A43)) -> 3 | C43: =IF($A43="","",SUMIFS($AE$7:$AE$303,$AD$7:$AD$303,$A43)) -> 36360.92 | D43: =IF($A43="","",SUMIFS($AF$7:$AF$303,$AD$7:$AD$303,$A43)) -> 42300.832 | E43: =IF(OR($A43="",N(D43)=0),"",C43/D43) -> 0.85957931 | F43: =IF(OR($A43="",N(D43)=0),"",IF(C43>=D43*$L$4,"✔ Yes","✘ No")) -> ✔ Yes | G43: =IF($A43="","",COUNTIFS($AD$7:$AD$303,$A43,$AH$7:$AH$303,1)) -> 3 | H43: =IF($A43="","",COUNTIFS($AD$7:$AD$303,$A43,$AI$7:$AI$303,1)) -> 2 | I43: =IF($A43="","",H43&" of "&G43) -> 2 of 3 | J43: =IF($A43="","",COUNTIFS($AD$7:$AD$303,$A43,$AJ$7:$AJ$303,1)) -> 1 | K43: =IF($A43="","",SUMIFS($AE$7:$AE$303,$AD$7:$AD$303,$A43,$AJ$7:$AJ$303,1)) -> 20382.56 | L43: =IF($A43="","",SUMIFS($AG$7:$AG$303,$AD$7:$AD$303,$A43,$AJ$7:$AJ$303,1)) -> 26494.85 | M43: =IF(OR($A43="",N(L43)=0),"",K43/L43-1) -> -0.23069729 | N43: =IF(OR($A43="",N(L43)=0),"",IF(K43>=L43*$O$4,"✔ Yes","✘ No")) -> ✘ No | O43: =IF($A43="","",COUNTIFS($AD$7:$AD$303,$A43,$AK$7:$AK$303,1)) -> 0 | P43: =IF($A43="","",O43&" of "&J43) -> 0 of 1 | Q43: =IF($A43="","",SUMIFS($AM$7:$AM$303,$AD$7:$AD$303,$A43)) -> 9231.55 | R43: =IF(OR($A43="",N(Q43)=0),"",C43/Q43-1) -> 2.9387665 | S43: =IF($A43="","",IFERROR(Q43/SUMIFS($AN$7:$AN$303,$AD$7:$AD$303,$A43),"")) -> 0.31431915 | T43: =IF(OR(E43="",S43=""),"",(E43-S43)*100) -> 54.526016 | U43: =IF(S43="","",IF(S43>=$L$4,"✔ Yes","✘ No")) -> ✘ No | V43: =IF($A43="","",COUNTIFS($AD$7:$AD$303,$A43,$AQ$7:$AQ$303,1)&" of "&COUNTIFS($AD$7:$AD$303,$A43,$AP$7:$AP$303,1)) -> 0 of 3 | W43: =IF($A43="","",IFERROR(SUMIFS($AM$7:$AM$303,$AD$7:$AD$303,$A43,$AR$7:$AR$303,1)/SUMIFS($AO$7:$AO$303,$AD$7:$AD$303,$A43,$AR$7:$AR$303,1)-1,"")) -> -0.22243965 | X43: =IF($A43="","",COUNTIFS($AD$7:$AD$303,$A43,$AS$7:$AS$303,1)&" of "&COUNTIFS($AD$7:$AD$303,$A43,$AR$7:$AR$303,1)) -> 0 of 1 | AB43: =IF('Sales Dashboard'!AW42="","",'Sales Dashboard'!AW42) -> OTHAFAN | AC43: =IF(AB43="","",'Sales Dashboard'!AN42) -> Lina Al Ghathami | AD43: =IF(AB43="","",'Sales Dashboard'!AO42) -> Riyadh | AE43: {=IF(OR(AB43="",NOT(ISNUMBER('Sales Dashboard'!BF42))),0,SUMPRODUCT((IFERROR(--'Sales and count'!$G$2:$CC$2,0)=$C$4)*('Sales and count'!$G$3:$CC$3="Total"),INDEX('Sales and count'!$G$4:$CC$300,'Sales Dashboard'!BF42,0)))} -> 9428.27 | AF43: {=IF(OR(AB43="",NOT(ISNUMBER('Sales Dashboard'!BG42))),0,SUMPRODUCT(('TY Sales Target'!$K$2:$AO$2=$C$4)*1,INDEX('TY Sales Target'!$K$5:$AO$300,'Sales Dashboard'!BG42,0)))} -> 13982.071 | AG43: {=IF(AB43="",0,SUMPRODUCT((TRIM('LY Sales '!$B$5:$B$200)=AB43)*('LY Sales '!$C$2:$AG$2=EDATE($C$4,-12)),'LY Sales '!$C$5:$AG$200))} -> 18894.57 | AH43: =--AND(AB43<>"",AF43>0) -> 1 | AI43: =--AND(AH43=1,AE43>=AF43*$L$4) -> 0 | AJ43: =--AND(AB43<>"",AG43>0) -> 1 | AK43: =--AND(AJ43=1,AE43>=AG43*$O$4) -> 0 | AL43: =--AND(AC43<>"",AC43<>"No assignment",AC43<>"Unassigned") -> 1 | AM43: {=IF(OR(AB43="",NOT(ISNUMBER('Sales Dashboard'!BF42))),0,SUMPRODUCT((IFERROR(--'Sales and count'!$G$2:$CC$2,0)=$F$4)*('Sales and count'!$G$3:$CC$3="Total"),INDEX('Sales and count'!$G$4:$CC$300,'Sales Dashboard'!BF42,0)))} -> 6962.51 | AN43: {=IF(OR(AB43="",NOT(ISNUMBER('Sales Dashboard'!BG42))),0,SUMPRODUCT(('TY Sales Target'!$K$2:$AO$2=$F$4)*1,INDEX('TY Sales Target'!$K$5:$AO$300,'Sales Dashboard'!BG42,0)))} -> 9707.9246 | AO43: {=IF(AB43="",0,SUMPRODUCT((TRIM('LY Sales '!$B$5:$B$200)=AB43)*('LY Sales '!$C$2:$AG$2=EDATE($F$4,-12)),'LY Sales '!$C$5:$AG$200))} -> 8642.21 | AP43: =--AND(AB43<>"",AN43>0) -> 1 | AQ43: =--AND(AP43=1,AM43>=AN43*$L$4) -> 0 | AR43: =--AND(AB43<>"",AO43>0) -> 1 | AS43: =--AND(AR43=1,AM43>=AO43*$O$4) -> 0
... A69: {=IFERROR(INDEX(_xlfn._xlws.SORT(_xlfn.UNIQUE(_xlfn._xlws.FILTER($AD$7:$AD$303,$AD$7:$AD$303<>""))),ROWS($A$30:A69)),"")} | B69: =IF($A69="","",COUNTIFS($AD$7:$AD$303,$A69)) | C69: =IF($A69="","",SUMIFS($AE$7:$AE$303,$AD$7:$AD$303,$A69)) | D69: =IF($A69="","",SUMIFS($AF$7:$AF$303,$AD$7:$AD$303,$A69)) | E69: =IF(OR($A69="",N(D69)=0),"",C69/D69) | F69: =IF(OR($A69="",N(D69)=0),"",IF(C69>=D69*$L$4,"✔ Yes","✘ No")) | G69: =IF($A69="","",COUNTIFS($AD$7:$AD$303,$A69,$AH$7:$AH$303,1)) | H69: =IF($A69="","",COUNTIFS($AD$7:$AD$303,$A69,$AI$7:$AI$303,1)) | I69: =IF($A69="","",H69&" of "&G69) | J69: =IF($A69="","",COUNTIFS($AD$7:$AD$303,$A69,$AJ$7:$AJ$303,1)) | K69: =IF($A69="","",SUMIFS($AE$7:$AE$303,$AD$7:$AD$303,$A69,$AJ$7:$AJ$303,1)) | L69: =IF($A69="","",SUMIFS($AG$7:$AG$303,$AD$7:$AD$303,$A69,$AJ$7:$AJ$303,1)) | M69: =IF(OR($A69="",N(L69)=0),"",K69/L69-1) | N69: =IF(OR($A69="",N(L69)=0),"",IF(K69>=L69*$O$4,"✔ Yes","✘ No")) | O69: =IF($A69="","",COUNTIFS($AD$7:$AD$303,$A69,$AK$7:$AK$303,1)) | P69: =IF($A69="","",O69&" of "&J69) | Q69: =IF($A69="","",SUMIFS($AM$7:$AM$303,$AD$7:$AD$303,$A69)) | R69: =IF(OR($A69="",N(Q69)=0),"",C69/Q69-1) | S69: =IF($A69="","",IFERROR(Q69/SUMIFS($AN$7:$AN$303,$AD$7:$AD$303,$A69),"")) | T69: =IF(OR(E69="",S69=""),"",(E69-S69)*100) | U69: =IF(S69="","",IF(S69>=$L$4,"✔ Yes","✘ No")) | V69: =IF($A69="","",COUNTIFS($AD$7:$AD$303,$A69,$AQ$7:$AQ$303,1)&" of "&COUNTIFS($AD$7:$AD$303,$A69,$AP$7:$AP$303,1)) | W69: =IF($A69="","",IFERROR(SUMIFS($AM$7:$AM$303,$AD$7:$AD$303,$A69,$AR$7:$AR$303,1)/SUMIFS($AO$7:$AO$303,$AD$7:$AD$303,$A69,$AR$7:$AR$303,1)-1,"")) | X69: =IF($A69="","",COUNTIFS($AD$7:$AD$303,$A69,$AS$7:$AS$303,1)&" of "&COUNTIFS($AD$7:$AD$303,$A69,$AR$7:$AR$303,1)) | AB69: =IF('Sales Dashboard'!AW68="","",'Sales Dashboard'!AW68) -> HAMAJAZCC | AC69: =IF(AB69="","",'Sales Dashboard'!AN68) -> Maram Zamzami | AD69: =IF(AB69="","",'Sales Dashboard'!AO68) -> Makkah | AE69: {=IF(OR(AB69="",NOT(ISNUMBER('Sales Dashboard'!BF68))),0,SUMPRODUCT((IFERROR(--'Sales and count'!$G$2:$CC$2,0)=$C$4)*('Sales and count'!$G$3:$CC$3="Total"),INDEX('Sales and count'!$G$4:$CC$300,'Sales Dashboard'!BF68,0)))} -> 4443.07 | AF69: {=IF(OR(AB69="",NOT(ISNUMBER('Sales Dashboard'!BG68))),0,SUMPRODUCT(('TY Sales Target'!$K$2:$AO$2=$C$4)*1,INDEX('TY Sales Target'!$K$5:$AO$300,'Sales Dashboard'!BG68,0)))} -> 8612.1455 | AG69: {=IF(AB69="",0,SUMPRODUCT((TRIM('LY Sales '!$B$5:$B$200)=AB69)*('LY Sales '!$C$2:$AG$2=EDATE($C$4,-12)),'LY Sales '!$C$5:$AG$200))} -> 7462.28 | AH69: =--AND(AB69<>"",AF69>0) -> 1 | AI69: =--AND(AH69=1,AE69>=AF69*$L$4) -> 0 | AJ69: =--AND(AB69<>"",AG69>0) -> 1 | AK69: =--AND(AJ69=1,AE69>=AG69*$O$4) -> 0 | AL69: =--AND(AC69<>"",AC69<>"No assignment",AC69<>"Unassigned") -> 1 | AM69: {=IF(OR(AB69="",NOT(ISNUMBER('Sales Dashboard'!BF68))),0,SUMPRODUCT((IFERROR(--'Sales and count'!$G$2:$CC$2,0)=$F$4)*('Sales and count'!$G$3:$CC$3="Total"),INDEX('Sales and count'!$G$4:$CC$300,'Sales Dashboard'!BF68,0)))} -> 2460.2 | AN69: {=IF(OR(AB69="",NOT(ISNUMBER('Sales Dashboard'!BG68))),0,SUMPRODUCT(('TY Sales Target'!$K$2:$AO$2=$F$4)*1,INDEX('TY Sales Target'!$K$5:$AO$300,'Sales Dashboard'!BG68,0)))} -> 5979.5188 | AO69: {=IF(AB69="",0,SUMPRODUCT((TRIM('LY Sales '!$B$5:$B$200)=AB69)*('LY Sales '!$C$2:$AG$2=EDATE($F$4,-12)),'LY Sales '!$C$5:$AG$200))} -> 3805.07 | AP69: =--AND(AB69<>"",AN69>0) -> 1 | AQ69: =--AND(AP69=1,AM69>=AN69*$L$4) -> 0 | AR69: =--AND(AB69<>"",AO69>0) -> 1 | AS69: =--AND(AR69=1,AM69>=AO69*$O$4) -> 0
A70: Total | B70: =SUM(B30:B69) -> 116 | C70: =SUM(C30:C69) -> 1152818.3 | D70: =SUM(D30:D69) -> 1555266.9 | E70: =IF(D70=0,"",C70/D70) -> 0.74123503 | F70: =COUNTIF(F30:F69,"✔ Yes")&" of "&COUNTIFS(D30:D69,">0") -> 5 of 31 | G70: =SUM(G30:G69) -> 115 | H70: =SUM(H30:H69) -> 20 | I70: =H70&" of "&G70 -> 20 of 115 | J70: =SUM(J30:J69) -> 59 | K70: =SUM(K30:K69) -> 598911.11 | L70: =SUM(L30:L69) -> 821505.21 | M70: =IF(L70=0,"",K70/L70-1) -> -0.27095884 | N70: =COUNTIF(N30:N69,"✔ Yes")&" of "&COUNTIFS(L30:L69,">0") -> 4 of 20 | O70: =SUM(O30:O69) -> 15 | P70: =O70&" of "&J70 -> 15 of 59 | Q70: =SUM(Q30:Q69) -> 488035.47 | R70: =IF(Q70=0,"",C70/Q70-1) -> 1.3621609 | S70: =IFERROR(Q70/SUMPRODUCT($AN$7:$AN$303),"") -> 0.45195123 | T70: =IF(OR(E70="",S70=""),"",(E70-S70)*100) -> 28.92838 | U70: =COUNTIF(U30:U69,"✔ Yes")&" of "&COUNT(S30:S69) -> 0 of 31 | V70: =SUMPRODUCT($AQ$7:$AQ$303)&" of "&SUMPRODUCT($AP$7:$AP$303) -> 6 of 115 | W70: =IFERROR(SUMPRODUCT($AR$7:$AR$303,$AM$7:$AM$303)/SUMPRODUCT($AR$7:$AR$303,$AO$7:$AO$303)-1,"") -> -0.26221243 | X70: =SUMPRODUCT($AS$7:$AS$303)&" of "&SUMPRODUCT($AR$7:$AR$303) -> 21 of 64 | AB70: =IF('Sales Dashboard'!AW69="","",'Sales Dashboard'!AW69) -> RYDUWALK | AC70: =IF(AB70="","",'Sales Dashboard'!AN69) -> Mohammed Sanad | AD70: =IF(AB70="","",'Sales Dashboard'!AO69) -> Riyadh | AE70: {=IF(OR(AB70="",NOT(ISNUMBER('Sales Dashboard'!BF69))),0,SUMPRODUCT((IFERROR(--'Sales and count'!$G$2:$CC$2,0)=$C$4)*('Sales and count'!$G$3:$CC$3="Total"),INDEX('Sales and count'!$G$4:$CC$300,'Sales Dashboard'!BF69,0)))} -> 2712.09 | AF70: {=IF(OR(AB70="",NOT(ISNUMBER('Sales Dashboard'!BG69))),0,SUMPRODUCT(('TY Sales Target'!$K$2:$AO$2=$C$4)*1,INDEX('TY Sales Target'!$K$5:$AO$300,'Sales Dashboard'!BG69,0)))} -> 7193.6744 | AG70: {=IF(AB70="",0,SUMPRODUCT((TRIM('LY Sales '!$B$5:$B$200)=AB70)*('LY Sales '!$C$2:$AG$2=EDATE($C$4,-12)),'LY Sales '!$C$5:$AG$200))} -> 5012.15 | AH70: =--AND(AB70<>"",AF70>0) -> 1 | AI70: =--AND(AH70=1,AE70>=AF70*$L$4) -> 0 | AJ70: =--AND(AB70<>"",AG70>0) -> 1 | AK70: =--AND(AJ70=1,AE70>=AG70*$O$4) -> 0 | AL70: =--AND(AC70<>"",AC70<>"No assignment",AC70<>"Unassigned") -> 1 | AM70: {=IF(OR(AB70="",NOT(ISNUMBER('Sales Dashboard'!BF69))),0,SUMPRODUCT((IFERROR(--'Sales and count'!$G$2:$CC$2,0)=$F$4)*('Sales and count'!$G$3:$CC$3="Total"),INDEX('Sales and count'!$G$4:$CC$300,'Sales Dashboard'!BF69,0)))} -> 1930.13 | AN70: {=IF(OR(AB70="",NOT(ISNUMBER('Sales Dashboard'!BG69))),0,SUMPRODUCT(('TY Sales Target'!$K$2:$AO$2=$F$4)*1,INDEX('TY Sales Target'!$K$5:$AO$300,'Sales Dashboard'!BG69,0)))} -> 4994.6569 | AO70: {=IF(AB70="",0,SUMPRODUCT((TRIM('LY Sales '!$B$5:$B$200)=AB70)*('LY Sales '!$C$2:$AG$2=EDATE($F$4,-12)),'LY Sales '!$C$5:$AG$200))} -> 3469.08 | AP70: =--AND(AB70<>"",AN70>0) -> 1 | AQ70: =--AND(AP70=1,AM70>=AN70*$L$4) -> 0 | AR70: =--AND(AB70<>"",AO70>0) -> 1 | AS70: =--AND(AR70=1,AM70>=AO70*$O$4) -> 0
AB71: =IF('Sales Dashboard'!AW70="","",'Sales Dashboard'!AW70) -> ALWATANIAH | AC71: =IF(AB71="","",'Sales Dashboard'!AN70) -> Hamzah Al Makhadam | AD71: =IF(AB71="","",'Sales Dashboard'!AO70) -> Hafer Al Batin | AE71: {=IF(OR(AB71="",NOT(ISNUMBER('Sales Dashboard'!BF70))),0,SUMPRODUCT((IFERROR(--'Sales and count'!$G$2:$CC$2,0)=$C$4)*('Sales and count'!$G$3:$CC$3="Total"),INDEX('Sales and count'!$G$4:$CC$300,'Sales Dashboard'!BF70,0)))} -> 18003.31 | AF71: {=IF(OR(AB71="",NOT(ISNUMBER('Sales Dashboard'!BG70))),0,SUMPRODUCT(('TY Sales Target'!$K$2:$AO$2=$C$4)*1,INDEX('TY Sales Target'!$K$5:$AO$300,'Sales Dashboard'!BG70,0)))} -> 27305.567 | AG71: {=IF(AB71="",0,SUMPRODUCT((TRIM('LY Sales '!$B$5:$B$200)=AB71)*('LY Sales '!$C$2:$AG$2=EDATE($C$4,-12)),'LY Sales '!$C$5:$AG$200))} -> 24824.84 | AH71: =--AND(AB71<>"",AF71>0) -> 1 | AI71: =--AND(AH71=1,AE71>=AF71*$L$4) -> 0 | AJ71: =--AND(AB71<>"",AG71>0) -> 1 | AK71: =--AND(AJ71=1,AE71>=AG71*$O$4) -> 0 | AL71: =--AND(AC71<>"",AC71<>"No assignment",AC71<>"Unassigned") -> 1 | AM71: {=IF(OR(AB71="",NOT(ISNUMBER('Sales Dashboard'!BF70))),0,SUMPRODUCT((IFERROR(--'Sales and count'!$G$2:$CC$2,0)=$F$4)*('Sales and count'!$G$3:$CC$3="Total"),INDEX('Sales and count'!$G$4:$CC$300,'Sales Dashboard'!BF70,0)))} -> 4710.22 | AN71: {=IF(OR(AB71="",NOT(ISNUMBER('Sales Dashboard'!BG70))),0,SUMPRODUCT(('TY Sales Target'!$K$2:$AO$2=$F$4)*1,INDEX('TY Sales Target'!$K$5:$AO$300,'Sales Dashboard'!BG70,0)))} -> 18958.592 | AO71: {=IF(AB71="",0,SUMPRODUCT((TRIM('LY Sales '!$B$5:$B$200)=AB71)*('LY Sales '!$C$2:$AG$2=EDATE($F$4,-12)),'LY Sales '!$C$5:$AG$200))} -> 17370.44 | AP71: =--AND(AB71<>"",AN71>0) -> 1 | AQ71: =--AND(AP71=1,AM71>=AN71*$L$4) -> 0 | AR71: =--AND(AB71<>"",AO71>0) -> 1 | AS71: =--AND(AR71=1,AM71>=AO71*$O$4) -> 0
AB72: =IF('Sales Dashboard'!AW71="","",'Sales Dashboard'!AW71) -> HATASSPLZ | AC72: =IF(AB72="","",'Sales Dashboard'!AN71) -> Maram Zamzami | AD72: =IF(AB72="","",'Sales Dashboard'!AO71) -> Makkah | AE72: {=IF(OR(AB72="",NOT(ISNUMBER('Sales Dashboard'!BF71))),0,SUMPRODUCT((IFERROR(--'Sales and count'!$G$2:$CC$2,0)=$C$4)*('Sales and count'!$G$3:$CC$3="Total"),INDEX('Sales and count'!$G$4:$CC$300,'Sales Dashboard'!BF71,0)))} -> 3403.1 | AF72: {=IF(OR(AB72="",NOT(ISNUMBER('Sales Dashboard'!BG71))),0,SUMPRODUCT(('TY Sales Target'!$K$2:$AO$2=$C$4)*1,INDEX('TY Sales Target'!$K$5:$AO$300,'Sales Dashboard'!BG71,0)))} -> 7092.3551 | AG72: {=IF(AB72="",0,SUMPRODUCT((TRIM('LY Sales '!$B$5:$B$200)=AB72)*('LY Sales '!$C$2:$AG$2=EDATE($C$4,-12)),'LY Sales '!$C$5:$AG$200))} -> 4327.16 | AH72: =--AND(AB72<>"",AF72>0) -> 1 | AI72: =--AND(AH72=1,AE72>=AF72*$L$4) -> 0 | AJ72: =--AND(AB72<>"",AG72>0) -> 1 | AK72: =--AND(AJ72=1,AE72>=AG72*$O$4) -> 0 | AL72: =--AND(AC72<>"",AC72<>"No assignment",AC72<>"Unassigned") -> 1 | AM72: {=IF(OR(AB72="",NOT(ISNUMBER('Sales Dashboard'!BF71))),0,SUMPRODUCT((IFERROR(--'Sales and count'!$G$2:$CC$2,0)=$F$4)*('Sales and count'!$G$3:$CC$3="Total"),INDEX('Sales and count'!$G$4:$CC$300,'Sales Dashboard'!BF71,0)))} -> 385 | AN72: {=IF(OR(AB72="",NOT(ISNUMBER('Sales Dashboard'!BG71))),0,SUMPRODUCT(('TY Sales Target'!$K$2:$AO$2=$F$4)*1,INDEX('TY Sales Target'!$K$5:$AO$300,'Sales Dashboard'!BG71,0)))} -> 4924.3096 | AO72: {=IF(AB72="",0,SUMPRODUCT((TRIM('LY Sales '!$B$5:$B$200)=AB72)*('LY Sales '!$C$2:$AG$2=EDATE($F$4,-12)),'LY Sales '!$C$5:$AG$200))} -> 2284.01 | AP72: =--AND(AB72<>"",AN72>0) -> 1 | AQ72: =--AND(AP72=1,AM72>=AN72*$L$4) -> 0 | AR72: =--AND(AB72<>"",AO72>0) -> 1 | AS72: =--AND(AR72=1,AM72>=AO72*$O$4) -> 0
AB73: =IF('Sales Dashboard'!AW72="","",'Sales Dashboard'!AW72) -> HAKADIMALL | AC73: =IF(AB73="","",'Sales Dashboard'!AN72) -> Ahmed Jaffari | AD73: =IF(AB73="","",'Sales Dashboard'!AO72) -> Jizan | AE73: {=IF(OR(AB73="",NOT(ISNUMBER('Sales Dashboard'!BF72))),0,SUMPRODUCT((IFERROR(--'Sales and count'!$G$2:$CC$2,0)=$C$4)*('Sales and count'!$G$3:$CC$3="Total"),INDEX('Sales and count'!$G$4:$CC$300,'Sales Dashboard'!BF72,0)))} -> 10211.22 | AF73: {=IF(OR(AB73="",NOT(ISNUMBER('Sales Dashboard'!BG72))),0,SUMPRODUCT(('TY Sales Target'!$K$2:$AO$2=$C$4)*1,INDEX('TY Sales Target'!$K$5:$AO$300,'Sales Dashboard'!BG72,0)))} -> 11145.129 | AG73: {=IF(AB73="",0,SUMPRODUCT((TRIM('LY Sales '!$B$5:$B$200)=AB73)*('LY Sales '!$C$2:$AG$2=EDATE($C$4,-12)),'LY Sales '!$C$5:$AG$200))} -> 0 | AH73: =--AND(AB73<>"",AF73>0) -> 1 | AI73: =--AND(AH73=1,AE73>=AF73*$L$4) -> 1 | AJ73: =--AND(AB73<>"",AG73>0) -> 0 | AK73: =--AND(AJ73=1,AE73>=AG73*$O$4) -> 0 | AL73: =--AND(AC73<>"",AC73<>"No assignment",AC73<>"Unassigned") -> 1 | AM73: {=IF(OR(AB73="",NOT(ISNUMBER('Sales Dashboard'!BF72))),0,SUMPRODUCT((IFERROR(--'Sales and count'!$G$2:$CC$2,0)=$F$4)*('Sales and count'!$G$3:$CC$3="Total"),INDEX('Sales and count'!$G$4:$CC$300,'Sales Dashboard'!BF72,0)))} -> 2010.13 | AN73: {=IF(OR(AB73="",NOT(ISNUMBER('Sales Dashboard'!BG72))),0,SUMPRODUCT(('TY Sales Target'!$K$2:$AO$2=$F$4)*1,INDEX('TY Sales Target'!$K$5:$AO$300,'Sales Dashboard'!BG72,0)))} -> 7738.2008 | AO73: {=IF(AB73="",0,SUMPRODUCT((TRIM('LY Sales '!$B$5:$B$200)=AB73)*('LY Sales '!$C$2:$AG$2=EDATE($F$4,-12)),'LY Sales '!$C$5:$AG$200))} -> 0 | AP73: =--AND(AB73<>"",AN73>0) -> 1 | AQ73: =--AND(AP73=1,AM73>=AN73*$L$4) -> 0 | AR73: =--AND(AB73<>"",AO73>0) -> 0 | AS73: =--AND(AR73=1,AM73>=AO73*$O$4) -> 0
AB74: =IF('Sales Dashboard'!AW73="","",'Sales Dashboard'!AW73) -> RYDVIEW | AC74: =IF(AB74="","",'Sales Dashboard'!AN73) -> Lina Al Ghathami | AD74: =IF(AB74="","",'Sales Dashboard'!AO73) -> Riyadh | AE74: {=IF(OR(AB74="",NOT(ISNUMBER('Sales Dashboard'!BF73))),0,SUMPRODUCT((IFERROR(--'Sales and count'!$G$2:$CC$2,0)=$C$4)*('Sales and count'!$G$3:$CC$3="Total"),INDEX('Sales and count'!$G$4:$CC$300,'Sales Dashboard'!BF73,0)))} -> 3743.08 | AF74: {=IF(OR(AB74="",NOT(ISNUMBER('Sales Dashboard'!BG73))),0,SUMPRODUCT(('TY Sales Target'!$K$2:$AO$2=$C$4)*1,INDEX('TY Sales Target'!$K$5:$AO$300,'Sales Dashboard'!BG73,0)))} -> 9017.4229 | AG74: {=IF(AB74="",0,SUMPRODUCT((TRIM('LY Sales '!$B$5:$B$200)=AB74)*('LY Sales '!$C$2:$AG$2=EDATE($C$4,-12)),'LY Sales '!$C$5:$AG$200))} -> 9107.27 | AH74: =--AND(AB74<>"",AF74>0) -> 1 | AI74: =--AND(AH74=1,AE74>=AF74*$L$4) -> 0 | AJ74: =--AND(AB74<>"",AG74>0) -> 1 | AK74: =--AND(AJ74=1,AE74>=AG74*$O$4) -> 0 | AL74: =--AND(AC74<>"",AC74<>"No assignment",AC74<>"Unassigned") -> 1 | AM74: {=IF(OR(AB74="",NOT(ISNUMBER('Sales Dashboard'!BF73))),0,SUMPRODUCT((IFERROR(--'Sales and count'!$G$2:$CC$2,0)=$F$4)*('Sales and count'!$G$3:$CC$3="Total"),INDEX('Sales and count'!$G$4:$CC$300,'Sales Dashboard'!BF73,0)))} -> 2868.12 | AN74: {=IF(OR(AB74="",NOT(ISNUMBER('Sales Dashboard'!BG73))),0,SUMPRODUCT(('TY Sales Target'!$K$2:$AO$2=$F$4)*1,INDEX('TY Sales Target'!$K$5:$AO$300,'Sales Dashboard'!BG73,0)))} -> 6260.9079 | AO74: {=IF(AB74="",0,SUMPRODUCT((TRIM('LY Sales '!$B$5:$B$200)=AB74)*('LY Sales '!$C$2:$AG$2=EDATE($F$4,-12)),'LY Sales '!$C$5:$AG$200))} -> 1215.02 | AP74: =--AND(AB74<>"",AN74>0) -> 1 | AQ74: =--AND(AP74=1,AM74>=AN74*$L$4) -> 0 | AR74: =--AND(AB74<>"",AO74>0) -> 1 | AS74: =--AND(AR74=1,AM74>=AO74*$O$4) -> 1
AB75: =IF('Sales Dashboard'!AW74="","",'Sales Dashboard'!AW74) -> HADANAMAK | AC75: =IF(AB75="","",'Sales Dashboard'!AN74) -> Maram Zamzami | AD75: =IF(AB75="","",'Sales Dashboard'!AO74) -> Makkah | AE75: {=IF(OR(AB75="",NOT(ISNUMBER('Sales Dashboard'!BF74))),0,SUMPRODUCT((IFERROR(--'Sales and count'!$G$2:$CC$2,0)=$C$4)*('Sales and count'!$G$3:$CC$3="Total"),INDEX('Sales and count'!$G$4:$CC$300,'Sales Dashboard'!BF74,0)))} -> 7579.09 | AF75: {=IF(OR(AB75="",NOT(ISNUMBER('Sales Dashboard'!BG74))),0,SUMPRODUCT(('TY Sales Target'!$K$2:$AO$2=$C$4)*1,INDEX('TY Sales Target'!$K$5:$AO$300,'Sales Dashboard'!BG74,0)))} -> 10131.936 | AG75: {=IF(AB75="",0,SUMPRODUCT((TRIM('LY Sales '!$B$5:$B$200)=AB75)*('LY Sales '!$C$2:$AG$2=EDATE($C$4,-12)),'LY Sales '!$C$5:$AG$200))} -> 0 | AH75: =--AND(AB75<>"",AF75>0) -> 1 | AI75: =--AND(AH75=1,AE75>=AF75*$L$4) -> 0 | AJ75: =--AND(AB75<>"",AG75>0) -> 0 | AK75: =--AND(AJ75=1,AE75>=AG75*$O$4) -> 0 | AL75: =--AND(AC75<>"",AC75<>"No assignment",AC75<>"Unassigned") -> 1 | AM75: {=IF(OR(AB75="",NOT(ISNUMBER('Sales Dashboard'!BF74))),0,SUMPRODUCT((IFERROR(--'Sales and count'!$G$2:$CC$2,0)=$F$4)*('Sales and count'!$G$3:$CC$3="Total"),INDEX('Sales and count'!$G$4:$CC$300,'Sales Dashboard'!BF74,0)))} -> 3470.23 | AN75: {=IF(OR(AB75="",NOT(ISNUMBER('Sales Dashboard'!BG74))),0,SUMPRODUCT(('TY Sales Target'!$K$2:$AO$2=$F$4)*1,INDEX('TY Sales Target'!$K$5:$AO$300,'Sales Dashboard'!BG74,0)))} -> 7034.728 | AO75: {=IF(AB75="",0,SUMPRODUCT((TRIM('LY Sales '!$B$5:$B$200)=AB75)*('LY Sales '!$C$2:$AG$2=EDATE($F$4,-12)),'LY Sales '!$C$5:$AG$200))} -> 0 | AP75: =--AND(AB75<>"",AN75>0) -> 1 | AQ75: =--AND(AP75=1,AM75>=AN75*$L$4) -> 0 | AR75: =--AND(AB75<>"",AO75>0) -> 0 | AS75: =--AND(AR75=1,AM75>=AO75*$O$4) -> 0
AB76: =IF('Sales Dashboard'!AW75="","",'Sales Dashboard'!AW75) -> HAOTHMTH | AC76: =IF(AB76="","",'Sales Dashboard'!AN75) -> Lina Al Ghathami | AD76: =IF(AB76="","",'Sales Dashboard'!AO75) -> Muthnab | AE76: {=IF(OR(AB76="",NOT(ISNUMBER('Sales Dashboard'!BF75))),0,SUMPRODUCT((IFERROR(--'Sales and count'!$G$2:$CC$2,0)=$C$4)*('Sales and count'!$G$3:$CC$3="Total"),INDEX('Sales and count'!$G$4:$CC$300,'Sales Dashboard'!BF75,0)))} -> 1527.02 | AF76: {=IF(OR(AB76="",NOT(ISNUMBER('Sales Dashboard'!BG75))),0,SUMPRODUCT(('TY Sales Target'!$K$2:$AO$2=$C$4)*1,INDEX('TY Sales Target'!$K$5:$AO$300,'Sales Dashboard'!BG75,0)))} -> 2077.0468 | AG76: {=IF(AB76="",0,SUMPRODUCT((TRIM('LY Sales '!$B$5:$B$200)=AB76)*('LY Sales '!$C$2:$AG$2=EDATE($C$4,-12)),'LY Sales '!$C$5:$AG$200))} -> 0 | AH76: =--AND(AB76<>"",AF76>0) -> 1 | AI76: =--AND(AH76=1,AE76>=AF76*$L$4) -> 0 | AJ76: =--AND(AB76<>"",AG76>0) -> 0 | AK76: =--AND(AJ76=1,AE76>=AG76*$O$4) -> 0 | AL76: =--AND(AC76<>"",AC76<>"No assignment",AC76<>"Unassigned") -> 1 | AM76: {=IF(OR(AB76="",NOT(ISNUMBER('Sales Dashboard'!BF75))),0,SUMPRODUCT((IFERROR(--'Sales and count'!$G$2:$CC$2,0)=$F$4)*('Sales and count'!$G$3:$CC$3="Total"),INDEX('Sales and count'!$G$4:$CC$300,'Sales Dashboard'!BF75,0)))} -> 286.02 | AN76: {=IF(OR(AB76="",NOT(ISNUMBER('Sales Dashboard'!BG75))),0,SUMPRODUCT(('TY Sales Target'!$K$2:$AO$2=$F$4)*1,INDEX('TY Sales Target'!$K$5:$AO$300,'Sales Dashboard'!BG75,0)))} -> 1442.1192 | AO76: {=IF(AB76="",0,SUMPRODUCT((TRIM('LY Sales '!$B$5:$B$200)=AB76)*('LY Sales '!$C$2:$AG$2=EDATE($F$4,-12)),'LY Sales '!$C$5:$AG$200))} -> 1266.01 | AP76: =--AND(AB76<>"",AN76>0) -> 1 | AQ76: =--AND(AP76=1,AM76>=AN76*$L$4) -> 0 | AR76: =--AND(AB76<>"",AO76>0) -> 1 | AS76: =--AND(AR76=1,AM76>=AO76*$O$4) -> 0
AB77: =IF('Sales Dashboard'!AW76="","",'Sales Dashboard'!AW76) -> HAMAKKMAL | AC77: =IF(AB77="","",'Sales Dashboard'!AN76) -> Maram Zamzami | AD77: =IF(AB77="","",'Sales Dashboard'!AO76) -> Makkah | AE77: {=IF(OR(AB77="",NOT(ISNUMBER('Sales Dashboard'!BF76))),0,SUMPRODUCT((IFERROR(--'Sales and count'!$G$2:$CC$2,0)=$C$4)*('Sales and count'!$G$3:$CC$3="Total"),INDEX('Sales and count'!$G$4:$CC$300,'Sales Dashboard'!BF76,0)))} -> 16867.46 | AF77: {=IF(OR(AB77="",NOT(ISNUMBER('Sales Dashboard'!BG76))),0,SUMPRODUCT(('TY Sales Target'!$K$2:$AO$2=$C$4)*1,INDEX('TY Sales Target'!$K$5:$AO$300,'Sales Dashboard'!BG76,0)))} -> 20263.872 | AG77: {=IF(AB77="",0,SUMPRODUCT((TRIM('LY Sales '!$B$5:$B$200)=AB77)*('LY Sales '!$C$2:$AG$2=EDATE($C$4,-12)),'LY Sales '!$C$5:$AG$200))} -> 16110.46 | AH77: =--AND(AB77<>"",AF77>0) -> 1 | AI77: =--AND(AH77=1,AE77>=AF77*$L$4) -> 1 | AJ77: =--AND(AB77<>"",AG77>0) -> 1 | AK77: =--AND(AJ77=1,AE77>=AG77*$O$4) -> 1 | AL77: =--AND(AC77<>"",AC77<>"No assignment",AC77<>"Unassigned") -> 1 | AM77: {=IF(OR(AB77="",NOT(ISNUMBER('Sales Dashboard'!BF76))),0,SUMPRODUCT((IFERROR(--'Sales and count'!$G$2:$CC$2,0)=$F$4)*('Sales and count'!$G$3:$CC$3="Total"),INDEX('Sales and count'!$G$4:$CC$300,'Sales Dashboard'!BF76,0)))} -> 3372.17 | AN77: {=IF(OR(AB77="",NOT(ISNUMBER('Sales Dashboard'!BG76))),0,SUMPRODUCT(('TY Sales Target'!$K$2:$AO$2=$F$4)*1,INDEX('TY Sales Target'!$K$5:$AO$300,'Sales Dashboard'!BG76,0)))} -> 14069.456 | AO77: {=IF(AB77="",0,SUMPRODUCT((TRIM('LY Sales '!$B$5:$B$200)=AB77)*('LY Sales '!$C$2:$AG$2=EDATE($F$4,-12)),'LY Sales '!$C$5:$AG$200))} -> 5955.08 | AP77: =--AND(AB77<>"",AN77>0) -> 1 | AQ77: =--AND(AP77=1,AM77>=AN77*$L$4) -> 0 | AR77: =--AND(AB77<>"",AO77>0) -> 1 | AS77: =--AND(AR77=1,AM77>=AO77*$O$4) -> 0
AB78: =IF('Sales Dashboard'!AW77="","",'Sales Dashboard'!AW77) -> HASOUQEBQ | AC78: =IF(AB78="","",'Sales Dashboard'!AN77) -> Mohammed Haidar | AD78: =IF(AB78="","",'Sales Dashboard'!AO77) -> Madinah | AE78: {=IF(OR(AB78="",NOT(ISNUMBER('Sales Dashboard'!BF77))),0,SUMPRODUCT((IFERROR(--'Sales and count'!$G$2:$CC$2,0)=$C$4)*('Sales and count'!$G$3:$CC$3="Total"),INDEX('Sales and count'!$G$4:$CC$300,'Sales Dashboard'!BF77,0)))} -> 4041.14 | AF78: {=IF(OR(AB78="",NOT(ISNUMBER('Sales Dashboard'!BG77))),0,SUMPRODUCT(('TY Sales Target'!$K$2:$AO$2=$C$4)*1,INDEX('TY Sales Target'!$K$5:$AO$300,'Sales Dashboard'!BG77,0)))} -> 10030.616 | AG78: {=IF(AB78="",0,SUMPRODUCT((TRIM('LY Sales '!$B$5:$B$200)=AB78)*('LY Sales '!$C$2:$AG$2=EDATE($C$4,-12)),'LY Sales '!$C$5:$AG$200))} -> 0 | AH78: =--AND(AB78<>"",AF78>0) -> 1 | AI78: =--AND(AH78=1,AE78>=AF78*$L$4) -> 0 | AJ78: =--AND(AB78<>"",AG78>0) -> 0 | AK78: =--AND(AJ78=1,AE78>=AG78*$O$4) -> 0 | AL78: =--AND(AC78<>"",AC78<>"No assignment",AC78<>"Unassigned") -> 1 | AM78: {=IF(OR(AB78="",NOT(ISNUMBER('Sales Dashboard'!BF77))),0,SUMPRODUCT((IFERROR(--'Sales and count'!$G$2:$CC$2,0)=$F$4)*('Sales and count'!$G$3:$CC$3="Total"),INDEX('Sales and count'!$G$4:$CC$300,'Sales Dashboard'!BF77,0)))} -> 6655.45 | AN78: {=IF(OR(AB78="",NOT(ISNUMBER('Sales Dashboard'!BG77))),0,SUMPRODUCT(('TY Sales Target'!$K$2:$AO$2=$F$4)*1,INDEX('TY Sales Target'!$K$5:$AO$300,'Sales Dashboard'!BG77,0)))} -> 6964.3807 | AO78: {=IF(AB78="",0,SUMPRODUCT((TRIM('LY Sales '!$B$5:$B$200)=AB78)*('LY Sales '!$C$2:$AG$2=EDATE($F$4,-12)),'LY Sales '!$C$5:$AG$200))} -> 0 | AP78: =--AND(AB78<>"",AN78>0) -> 1 | AQ78: =--AND(AP78=1,AM78>=AN78*$L$4) -> 1 | AR78: =--AND(AB78<>"",AO78>0) -> 0 | AS78: =--AND(AR78=1,AM78>=AO78*$O$4) -> 0
AB79: =IF('Sales Dashboard'!AW78="","",'Sales Dashboard'!AW78) -> BURNPLAZ | AC79: =IF(AB79="","",'Sales Dashboard'!AN78) -> Lina Al Ghathami | AD79: =IF(AB79="","",'Sales Dashboard'!AO78) -> Buraidah | AE79: {=IF(OR(AB79="",NOT(ISNUMBER('Sales Dashboard'!BF78))),0,SUMPRODUCT((IFERROR(--'Sales and count'!$G$2:$CC$2,0)=$C$4)*('Sales and count'!$G$3:$CC$3="Total"),INDEX('Sales and count'!$G$4:$CC$300,'Sales Dashboard'!BF78,0)))} -> 8165.04 | AF79: {=IF(OR(AB79="",NOT(ISNUMBER('Sales Dashboard'!BG78))),0,SUMPRODUCT(('TY Sales Target'!$K$2:$AO$2=$C$4)*1,INDEX('TY Sales Target'!$K$5:$AO$300,'Sales Dashboard'!BG78,0)))} -> 10587.873 | AG79: {=IF(AB79="",0,SUMPRODUCT((TRIM('LY Sales '!$B$5:$B$200)=AB79)*('LY Sales '!$C$2:$AG$2=EDATE($C$4,-12)),'LY Sales '!$C$5:$AG$200))} -> 7484.38 | AH79: =--AND(AB79<>"",AF79>0) -> 1 | AI79: =--AND(AH79=1,AE79>=AF79*$L$4) -> 0 | AJ79: =--AND(AB79<>"",AG79>0) -> 1 | AK79: =--AND(AJ79=1,AE79>=AG79*$O$4) -> 1 | AL79: =--AND(AC79<>"",AC79<>"No assignment",AC79<>"Unassigned") -> 1 | AM79: {=IF(OR(AB79="",NOT(ISNUMBER('Sales Dashboard'!BF78))),0,SUMPRODUCT((IFERROR(--'Sales and count'!$G$2:$CC$2,0)=$F$4)*('Sales and count'!$G$3:$CC$3="Total"),INDEX('Sales and count'!$G$4:$CC$300,'Sales Dashboard'!BF78,0)))} -> 4287.22 | AN79: {=IF(OR(AB79="",NOT(ISNUMBER('Sales Dashboard'!BG78))),0,SUMPRODUCT(('TY Sales Target'!$K$2:$AO$2=$F$4)*1,INDEX('TY Sales Target'!$K$5:$AO$300,'Sales Dashboard'!BG78,0)))} -> 7351.2907 | AO79: {=IF(AB79="",0,SUMPRODUCT((TRIM('LY Sales '!$B$5:$B$200)=AB79)*('LY Sales '!$C$2:$AG$2=EDATE($F$4,-12)),'LY Sales '!$C$5:$AG$200))} -> 3991.05 | AP79: =--AND(AB79<>"",AN79>0) -> 1 | AQ79: =--AND(AP79=1,AM79>=AN79*$L$4) -> 0 | AR79: =--AND(AB79<>"",AO79>0) -> 1 | AS79: =--AND(AR79=1,AM79>=AO79*$O$4) -> 1
AB80: =IF('Sales Dashboard'!AW79="","",'Sales Dashboard'!AW79) -> JEDDYASMN | AC80: =IF(AB80="","",'Sales Dashboard'!AN79) -> Saleh Bin Hoiel | AD80: =IF(AB80="","",'Sales Dashboard'!AO79) -> Jeddah | AE80: {=IF(OR(AB80="",NOT(ISNUMBER('Sales Dashboard'!BF79))),0,SUMPRODUCT((IFERROR(--'Sales and count'!$G$2:$CC$2,0)=$C$4)*('Sales and count'!$G$3:$CC$3="Total"),INDEX('Sales and count'!$G$4:$CC$300,'Sales Dashboard'!BF79,0)))} -> 12677.23 | AF80: {=IF(OR(AB80="",NOT(ISNUMBER('Sales Dashboard'!BG79))),0,SUMPRODUCT(('TY Sales Target'!$K$2:$AO$2=$C$4)*1,INDEX('TY Sales Target'!$K$5:$AO$300,'Sales Dashboard'!BG79,0)))} -> 13931.412 | AG80: {=IF(AB80="",0,SUMPRODUCT((TRIM('LY Sales '!$B$5:$B$200)=AB80)*('LY Sales '!$C$2:$AG$2=EDATE($C$4,-12)),'LY Sales '!$C$5:$AG$200))} -> 10230.28 | AH80: =--AND(AB80<>"",AF80>0) -> 1 | AI80: =--AND(AH80=1,AE80>=AF80*$L$4) -> 1 | AJ80: =--AND(AB80<>"",AG80>0) -> 1 | AK80: =--AND(AJ80=1,AE80>=AG80*$O$4) -> 1 | AL80: =--AND(AC80<>"",AC80<>"No assignment",AC80<>"Unassigned") -> 1 | AM80: {=IF(OR(AB80="",NOT(ISNUMBER('Sales Dashboard'!BF79))),0,SUMPRODUCT((IFERROR(--'Sales and count'!$G$2:$CC$2,0)=$F$4)*('Sales and count'!$G$3:$CC$3="Total"),INDEX('Sales and count'!$G$4:$CC$300,'Sales Dashboard'!BF79,0)))} -> 2909.11 | AN80: {=IF(OR(AB80="",NOT(ISNUMBER('Sales Dashboard'!BG79))),0,SUMPRODUCT(('TY Sales Target'!$K$2:$AO$2=$F$4)*1,INDEX('TY Sales Target'!$K$5:$AO$300,'Sales Dashboard'!BG79,0)))} -> 9672.751 | AO80: {=IF(AB80="",0,SUMPRODUCT((TRIM('LY Sales '!$B$5:$B$200)=AB80)*('LY Sales '!$C$2:$AG$2=EDATE($F$4,-12)),'LY Sales '!$C$5:$AG$200))} -> 4487.08 | AP80: =--AND(AB80<>"",AN80>0) -> 1 | AQ80: =--AND(AP80=1,AM80>=AN80*$L$4) -> 0 | AR80: =--AND(AB80<>"",AO80>0) -> 1 | AS80: =--AND(AR80=1,AM80>=AO80*$O$4) -> 0
AB81: =IF('Sales Dashboard'!AW80="","",'Sales Dashboard'!AW80) -> ALSHATEA | AC81: =IF(AB81="","",'Sales Dashboard'!AN80) -> Saleh Bin Hoiel | AD81: =IF(AB81="","",'Sales Dashboard'!AO80) -> Jeddah | AE81: {=IF(OR(AB81="",NOT(ISNUMBER('Sales Dashboard'!BF80))),0,SUMPRODUCT((IFERROR(--'Sales and count'!$G$2:$CC$2,0)=$C$4)*('Sales and count'!$G$3:$CC$3="Total"),INDEX('Sales and count'!$G$4:$CC$300,'Sales Dashboard'!BF80,0)))} -> 6872.07 | AF81: {=IF(OR(AB81="",NOT(ISNUMBER('Sales Dashboard'!BG80))),0,SUMPRODUCT(('TY Sales Target'!$K$2:$AO$2=$C$4)*1,INDEX('TY Sales Target'!$K$5:$AO$300,'Sales Dashboard'!BG80,0)))} -> 12158.323 | AG81: {=IF(AB81="",0,SUMPRODUCT((TRIM('LY Sales '!$B$5:$B$200)=AB81)*('LY Sales '!$C$2:$AG$2=EDATE($C$4,-12)),'LY Sales '!$C$5:$AG$200))} -> 11172.27 | AH81: =--AND(AB81<>"",AF81>0) -> 1 | AI81: =--AND(AH81=1,AE81>=AF81*$L$4) -> 0 | AJ81: =--AND(AB81<>"",AG81>0) -> 1 | AK81: =--AND(AJ81=1,AE81>=AG81*$O$4) -> 0 | AL81: =--AND(AC81<>"",AC81<>"No assignment",AC81<>"Unassigned") -> 1 | AM81: {=IF(OR(AB81="",NOT(ISNUMBER('Sales Dashboard'!BF80))),0,SUMPRODUCT((IFERROR(--'Sales and count'!$G$2:$CC$2,0)=$F$4)*('Sales and count'!$G$3:$CC$3="Total"),INDEX('Sales and count'!$G$4:$CC$300,'Sales Dashboard'!BF80,0)))} -> 2723.14 | AN81: {=IF(OR(AB81="",NOT(ISNUMBER('Sales Dashboard'!BG80))),0,SUMPRODUCT(('TY Sales Target'!$K$2:$AO$2=$F$4)*1,INDEX('TY Sales Target'!$K$5:$AO$300,'Sales Dashboard'!BG80,0)))} -> 8441.6736 | AO81: {=IF(AB81="",0,SUMPRODUCT((TRIM('LY Sales '!$B$5:$B$200)=AB81)*('LY Sales '!$C$2:$AG$2=EDATE($F$4,-12)),'LY Sales '!$C$5:$AG$200))} -> 3743.07 | AP81: =--AND(AB81<>"",AN81>0) -> 1 | AQ81: =--AND(AP81=1,AM81>=AN81*$L$4) -> 0 | AR81: =--AND(AB81<>"",AO81>0) -> 1 | AS81: =--AND(AR81=1,AM81>=AO81*$O$4) -> 0
AB82: =IF('Sales Dashboard'!AW81="","",'Sales Dashboard'!AW81) -> HADIYAFAML | AC82: =IF(AB82="","",'Sales Dashboard'!AN81) -> Maram Zamzami | AD82: =IF(AB82="","",'Sales Dashboard'!AO81) -> Makkah | AE82: {=IF(OR(AB82="",NOT(ISNUMBER('Sales Dashboard'!BF81))),0,SUMPRODUCT((IFERROR(--'Sales and count'!$G$2:$CC$2,0)=$C$4)*('Sales and count'!$G$3:$CC$3="Total"),INDEX('Sales and count'!$G$4:$CC$300,'Sales Dashboard'!BF81,0)))} -> 4147.06 | AF82: {=IF(OR(AB82="",NOT(ISNUMBER('Sales Dashboard'!BG81))),0,SUMPRODUCT(('TY Sales Target'!$K$2:$AO$2=$C$4)*1,INDEX('TY Sales Target'!$K$5:$AO$300,'Sales Dashboard'!BG81,0)))} -> 6585.7583 | AG82: {=IF(AB82="",0,SUMPRODUCT((TRIM('LY Sales '!$B$5:$B$200)=AB82)*('LY Sales '!$C$2:$AG$2=EDATE($C$4,-12)),'LY Sales '!$C$5:$AG$200))} -> 0 | AH82: =--AND(AB82<>"",AF82>0) -> 1 | AI82: =--AND(AH82=1,AE82>=AF82*$L$4) -> 0 | AJ82: =--AND(AB82<>"",AG82>0) -> 0 | AK82: =--AND(AJ82=1,AE82>=AG82*$O$4) -> 0 | AL82: =--AND(AC82<>"",AC82<>"No assignment",AC82<>"Unassigned") -> 1 | AM82: {=IF(OR(AB82="",NOT(ISNUMBER('Sales Dashboard'!BF81))),0,SUMPRODUCT((IFERROR(--'Sales and count'!$G$2:$CC$2,0)=$F$4)*('Sales and count'!$G$3:$CC$3="Total"),INDEX('Sales and count'!$G$4:$CC$300,'Sales Dashboard'!BF81,0)))} -> 956.04 | AN82: {=IF(OR(AB82="",NOT(ISNUMBER('Sales Dashboard'!BG81))),0,SUMPRODUCT(('TY Sales Target'!$K$2:$AO$2=$F$4)*1,INDEX('TY Sales Target'!$K$5:$AO$300,'Sales Dashboard'!BG81,0)))} -> 4572.5732 | AO82: {=IF(AB82="",0,SUMPRODUCT((TRIM('LY Sales '!$B$5:$B$200)=AB82)*('LY Sales '!$C$2:$AG$2=EDATE($F$4,-12)),'LY Sales '!$C$5:$AG$200))} -> 1625.02 | AP82: =--AND(AB82<>"",AN82>0) -> 1 | AQ82: =--AND(AP82=1,AM82>=AN82*$L$4) -> 0 | AR82: =--AND(AB82<>"",AO82>0) -> 1 | AS82: =--AND(AR82=1,AM82>=AO82*$O$4) -> 0
... AB303: =IF('Sales Dashboard'!AW302="","",'Sales Dashboard'!AW302) | AC303: =IF(AB303="","",'Sales Dashboard'!AN302) | AD303: =IF(AB303="","",'Sales Dashboard'!AO302) | AE303: {=IF(OR(AB303="",NOT(ISNUMBER('Sales Dashboard'!BF302))),0,SUMPRODUCT((IFERROR(--'Sales and count'!$G$2:$CC$2,0)=$C$4)*('Sales and count'!$G$3:$CC$3="Total"),INDEX('Sales and count'!$G$4:$CC$300,'Sales Dashboard'!BF302,0)))} -> 0 | AF303: {=IF(OR(AB303="",NOT(ISNUMBER('Sales Dashboard'!BG302))),0,SUMPRODUCT(('TY Sales Target'!$K$2:$AO$2=$C$4)*1,INDEX('TY Sales Target'!$K$5:$AO$300,'Sales Dashboard'!BG302,0)))} -> 0 | AG303: {=IF(AB303="",0,SUMPRODUCT((TRIM('LY Sales '!$B$5:$B$200)=AB303)*('LY Sales '!$C$2:$AG$2=EDATE($C$4,-12)),'LY Sales '!$C$5:$AG$200))} -> 0 | AH303: =--AND(AB303<>"",AF303>0) -> 0 | AI303: =--AND(AH303=1,AE303>=AF303*$L$4) -> 0 | AJ303: =--AND(AB303<>"",AG303>0) -> 0 | AK303: =--AND(AJ303=1,AE303>=AG303*$O$4) -> 0 | AL303: =--AND(AC303<>"",AC303<>"No assignment",AC303<>"Unassigned") -> 0 | AM303: {=IF(OR(AB303="",NOT(ISNUMBER('Sales Dashboard'!BF302))),0,SUMPRODUCT((IFERROR(--'Sales and count'!$G$2:$CC$2,0)=$F$4)*('Sales and count'!$G$3:$CC$3="Total"),INDEX('Sales and count'!$G$4:$CC$300,'Sales Dashboard'!BF302,0)))} -> 0 | AN303: {=IF(OR(AB303="",NOT(ISNUMBER('Sales Dashboard'!BG302))),0,SUMPRODUCT(('TY Sales Target'!$K$2:$AO$2=$F$4)*1,INDEX('TY Sales Target'!$K$5:$AO$300,'Sales Dashboard'!BG302,0)))} -> 0 | AO303: {=IF(AB303="",0,SUMPRODUCT((TRIM('LY Sales '!$B$5:$B$200)=AB303)*('LY Sales '!$C$2:$AG$2=EDATE($F$4,-12)),'LY Sales '!$C$5:$AG$200))} -> 0 | AP303: =--AND(AB303<>"",AN303>0) -> 0 | AQ303: =--AND(AP303=1,AM303>=AN303*$L$4) -> 0 | AR303: =--AND(AB303<>"",AO303>0) -> 0 | AS303: =--AND(AR303=1,AM303>=AO303*$O$4) -> 0

Sheet Sales Dashboard
A1: ="AREA MANAGER PERFORMANCE DASHBOARD – "&TEXT($U$4,"dd mmm")&" to "&TEXT($U$5,"dd mmm yyyy") -> AREA MANAGER PERFORMANCE DASHBOARD – 01 Oct to 26 Oct 2026 | BC1: FF From | BD1: {=_xlfn.LET(_xlpm.f,Footfall!$C$1:$BZ$1,_xlpm.t,Footfall!$C$2:$BZ$2,_xlpm.k,(_xlpm.f>=$U$4)*(_xlpm.t<=$U$5)*(_xlpm.f<>"")*(_xlpm.t<>""),IF(SUM(_xlpm.k)=0,"",MIN(_xlfn._xlws.FILTER(_xlpm.f,_xlpm.k=1))))} -> 46296
A2: ="Period: "&TEXT($U$4,"dd mmm yyyy")&" to "&TEXT($U$5,"dd mmm yyyy")&" ("&$U$7&" days) | vs LY = same dates last year | Target = daily targets for selected dates | ATV = Sales ÷ Transactions" -> Period: 01 Oct 2026 to 26 Oct 2026 (26 days) | vs LY = same dates last year | Target = daily targets for selected dates | ATV = Sales ÷ Transactions | AN2: HELPER — do not edit (store universe = Sales and count + TY Target; AM/City fall back to TY Target; Qatar = Unassigned) | BC2: FF To | BD2: {=_xlfn.LET(_xlpm.f,Footfall!$C$1:$BZ$1,_xlpm.t,Footfall!$C$2:$BZ$2,_xlpm.k,(_xlpm.f>=$U$4)*(_xlpm.t<=$U$5)*(_xlpm.f<>"")*(_xlpm.t<>""),IF(SUM(_xlpm.k)=0,"",MAX(_xlfn._xlws.FILTER(_xlpm.t,_xlpm.k=1))))} -> 46321 | BT2: STORE CODE ALIAS (edit if codes differ)
A3: Country | B3: All | CF3: HELPER — Country | CH3: HELPER — Cosmetic stores
A4: Area Manager | B4: Saleh Bin Hoiel | D4: Stores shown: | F4: =C13 -> 14 | H4: Total Sales Growth: | J4: =G13 -> 0.037658342 | L4: Projected Close: | N4: =M13 -> 2258685.1 | P4: Company ATV: | R4: {=IFERROR(SUMPRODUCT(($AN$5:$AN$302<>"")*1,$AR$5:$AR$302)/SUMPRODUCT(($AN$5:$AN$302<>"")*1,$AS$5:$AS$302),"")} -> 168.02574 | T4: From Date | U4: 46296 | V4: =IF(U5<U4,"⚠ To Date is before From Date","") | AN4: Area Manager | AO4: City | AP4: Mask | AQ4: LFL | AR4: Sales TY | AS4: Trans TY | AT4: Sales LY | AU4: Trans LY | AV4: Target | AW4: Store | AY4: DATE LIST (helper) | BB4: Footfall | BC4: FF Trans | BF4: Sales Row | BG4: Target Row | BH4: Prize | BI4: MTD Sales TY | BJ4: LY MTD Sales | BK4: LY Month Sales | BL4: LY Days Traded (MTD) | BM4: Target MTD | BN4: Month Target | BO4: Projected Close | BP4: Proj. Method | BR4: Store universe (Sales + Target) | BT4: Sales code | BU4: Target code | BV4: AM list (helper) | BW4: Prize list (helper) | BX4: City list (helper) | BY4: PROJECTION SETTINGS (helper) | CB4: Makeup Sales | CD4: MAKEUP CODE ALIAS (edit if codes differ) | CF4: Country | CG4: Country list (helper) | CH4: Sells Makeup (1/0) | CI4: Cosmetic Sales TY | CJ4: Has FF Device (1/0) | CK4: Makeup Target
A5: City | B5: All | D5: Sales vs Target: | F5: =I13 -> 0.64768493 | H5: Total Trans Growth: | J5: =S13 -> -0.012791633 | L5: Proj. Ach % (month): | N5: =N13 -> 0.63507865 | P5: Above avg / up vs LY | Q5: Below business avg | R5: Down vs LY / Ach <70% | T5: To Date | U5: 46321 | V5: =IF(U5>$AZ$6,"⚠ Sales loaded only to "&TEXT($AZ$6,"dd mmm")&" – LY & target still count to "&TEXT(U5,"dd mmm"),"") | AN5: {=IF($AW5="","",_xlfn.LET(_xlpm.sa,IFERROR(TRIM(INDEX('Sales and count'!$D$4:$D$300,$BF5)&""),""),_xlpm.ta,IFERROR(TRIM(INDEX('TY Sales Target'!$F$5:$F$300,$BG5)&""),""),IF(AND(_xlpm.sa<>"",LEFT(_xlpm.sa,1)<>"#",_xlpm.sa<>"0"),_xlpm.sa,IF(AND(_xlpm.ta<>"",LEFT(_xlpm.ta,1)<>"#",_xlpm.ta<>"0"),_xlpm.ta,IF(ISNUMBER($BG5),"Unassigned","")))))} -> Hamzah Al Makhadam | AO5: {=IF($AW5="","",_xlfn.LET(_xlpm.sa,IFERROR(TRIM(INDEX('Sales and count'!$C$4:$C$300,$BF5)&""),""),_xlpm.ta,IFERROR(TRIM(INDEX('TY Sales Target'!$D$5:$D$300,$BG5)&""),""),IF(AND(_xlpm.sa<>"",LEFT(_xlpm.sa,1)<>"#",_xlpm.sa<>"0"),_xlpm.sa,IF(AND(_xlpm.ta<>"",LEFT(_xlpm.ta,1)<>"#",_xlpm.ta<>"0"),_xlpm.ta,""))))} -> Al Hasa | AP5: =IF(AND(AN5<>"",OR($B$3="All",$CF5=$B$3),IF(OR($B$4="All",$B$4="Multiple (ticked)"),IF(COUNTIF($B$10:$M$10,"✔")>0,COUNTIFS($B$9:$M$9,AN5,$B$10:$M$10,"✔")>0,$B$4="All"),AN5=$B$4),OR($B$5="All",AO5=$B$5),OR($B$6="All Stores",CJ5=IF($B$6="With Footfall Device",1,0)),OR($B$7="All Stores",AQ5=1),OR($B$8="All",BH5=$B$8)),1,0) -> 0 | AQ5: =--(AT5>0) -> 1 | AR5: {=IF($BF5="",0,_xlfn.LET(_xlpm.d,IFERROR(--'Sales and count'!$G$2:$CC$2,0),SUMPRODUCT(('Sales and count'!$G$3:$CC$3="Total")*(_xlpm.d>=$U$4)*(_xlpm.d<=$U$5),INDEX('Sales and count'!$G$4:$CC$300,$BF5,0))))} -> 178450.24 | AS5: {=IF($BF5="",0,_xlfn.LET(_xlpm.d,IFERROR(--'Sales and count'!$F$2:$CB$2,0),SUMPRODUCT(('Sales and count'!$G$3:$CC$3="Transactions")*(_xlpm.d>=$U$4)*(_xlpm.d<=$U$5),INDEX('Sales and count'!$G$4:$CC$300,$BF5,0))))} -> 918 | AT5: {=IF($AW5="",0,SUMPRODUCT((TRIM('LY Sales '!$B$5:$B$200)=$AW5)*('LY Sales '!$C$2:$AG$2>=EDATE($U$4,-12))*('LY Sales '!$C$2:$AG$2<=EDATE($U$5,-12)),'LY Sales '!$C$5:$AG$200))} -> 167176.58 | AU5: {=IF($AW5="",0,SUMPRODUCT((TRIM('LY Transaction'!$B$5:$B$200)=$AW5)*('LY Transaction'!$C$2:$AG$2>=EDATE($U$4,-12))*('LY Transaction'!$C$2:$AG$2<=EDATE($U$5,-12)),'LY Transaction'!$C$5:$AG$200))} -> 1101 | AV5: {=IF(NOT(ISNUMBER($BG5)),0,SUMPRODUCT(('TY Sales Target'!$K$2:$AO$2>=$U$4)*('TY Sales Target'!$K$2:$AO$2<=$U$5),INDEX('TY Sales Target'!$K$5:$AO$300,$BG5,0)))} -> 161662.92 | AW5: {=IFERROR(INDEX(_xlfn.ANCHORARRAY($BR$5),ROWS($AW$5:AW5)),"")} -> HAOTHASS | AY5: Dates | AZ5: Latest date with sales | BB5: {=IF($AW5="",0,SUMPRODUCT((TRIM(Footfall!$B$5:$B$301)=$AW5)*(Footfall!$C$1:$BZ$1>=$U$4)*(Footfall!$C$2:$BZ$2<=$U$5)*(Footfall!$C$1:$BZ$1<>""),Footfall!$C$5:$BZ$301))} -> 0 | BC5: {=IF(OR($BB5<=0,$BD$1="",$BF5=""),0,_xlfn.LET(_xlpm.d,IFERROR(--'Sales and count'!$F$2:$CB$2,0),SUMPRODUCT(('Sales and count'!$G$3:$CC$3="Transactions")*(_xlpm.d>=$BD$1)*(_xlpm.d<=$BD$2),INDEX('Sales and count'!$G$4:$CC$300,$BF5,0))))} -> 0 | BF5: {=IF($AW5="","",IFERROR(MATCH($AW5,TRIM('Sales and count'!$A$4:$A$300&""),0),""))} -> 1 | BG5: {=IF($AW5="","",IFERROR(MATCH(IFERROR(_xlfn.XLOOKUP($AW5,$BT$5:$BT$22,$BU$5:$BU$22),$AW5),TRIM('TY Sales Target'!$B$5:$B$300&""),0),""))} -> 63 | BH5: {=IF(ISNUMBER($BG5),_xlfn.LET(_xlpm.p,TRIM(INDEX('TY Sales Target'!$I$5:$I$300,$BG5)&""),IF(_xlpm.p="","Not set",_xlpm.p)),"Not set")} -> Smart Phone | BI5: {=IF($BF5="",0,_xlfn.LET(_xlpm.d,IFERROR(--'Sales and count'!$G$2:$CC$2,0),SUMPRODUCT(('Sales and count'!$G$3:$CC$3="Total")*(_xlpm.d>=$BZ$5)*(_xlpm.d<=$BZ$6),INDEX('Sales and count'!$G$4:$CC$300,$BF5,0))))} -> 178450.24 | BJ5: {=IF($AW5="",0,SUMPRODUCT((TRIM('LY Sales '!$B$5:$B$200)=$AW5)*('LY Sales '!$C$2:$AG$2>=EDATE($BZ$5,-12))*('LY Sales '!$C$2:$AG$2<=EDATE($BZ$6,-12)),'LY Sales '!$C$5:$AG$200))} -> 167176.58 | BK5: {=IF($AW5="",0,SUMPRODUCT((TRIM('LY Sales '!$B$5:$B$200)=$AW5)*('LY Sales '!$C$2:$AG$2>=EDATE($BZ$5,-12))*('LY Sales '!$C$2:$AG$2<=EDATE($BZ$7,-12)),'LY Sales '!$C$5:$AG$200))} -> 225899.75 | BL5: {=IF($AW5="",0,SUMPRODUCT((TRIM('LY Sales '!$B$5:$B$200)=$AW5)*('LY Sales '!$C$2:$AG$2>=EDATE($BZ$5,-12))*('LY Sales '!$C$2:$AG$2<=EDATE($BZ$6,-12))*('LY Sales '!$C$5:$AG$200>0)))} -> 26 | BM5: {=IF(NOT(ISNUMBER($BG5)),0,SUMPRODUCT(('TY Sales Target'!$K$2:$AO$2>=$BZ$5)*('TY Sales Target'!$K$2:$AO$2<=$BZ$6),INDEX('TY Sales Target'!$K$5:$AO$300,$BG5,0)))} -> 161662.92 | BN5: {=IF(NOT(ISNUMBER($BG5)),0,SUMPRODUCT(('TY Sales Target'!$K$2:$AO$2>=$BZ$5)*('TY Sales Target'!$K$2:$AO$2<=$BZ$7),INDEX('TY Sales Target'!$K$5:$AO$300,$BG5,0)))} -> 211000 | BO5: {=IF($AW5="",0,IFERROR(_xlfn.SWITCH($BP5,"LY trend",$BI5*$BK5/$BJ5,"Target curve",$BI5*$BN5/$BM5,"Run rate",$BI5/$BZ$8*$BZ$9,0),0))} -> 241133.44 | BP5: =IF($AW5="","",IF(AND($BL5>=$BZ$8,$BJ5>0,$BK5>0),"LY trend",IF($BM5>0,"Target curve",IF($BI5>0,"Run rate","")))) -> LY trend | BR5: {=_xlfn.LET(_xlpm.s,TRIM('Sales and count'!$A$4:$A$300&""),_xlpm.t,TRIM('TY Sales Target'!$B$5:$B$300&""),_xlpm.al,IFERROR(_xlfn.XLOOKUP(_xlpm.t,$BU$5:$BU$22,$BT$5:$BT$22),_xlpm.t),_xlpm.a,_xlfn._xlws.FILTER(_xlpm.s,_xlpm.s<>""),_xlpm.b,IFERROR(_xlfn._xlws.FILTER(_xlpm.al,(_xlpm.al<>"")*ISNA(_xlfn.XMATCH(_xlpm.al,_xlpm.s))),""),_xlpm.u,_xlfn.UNIQUE(_xlfn.VSTACK(_xlpm.a,_xlpm.b)),_xlfn._xlws.FILTER(_xlpm.u,_xlpm.u<>""))} -> HAOTHASS | BV5: {=_xlfn.VSTACK("All","Multiple (ticked)",_xlfn._xlws.SORT(_xlfn.UNIQUE(_xlfn._xlws.FILTER($AN$5:$AN$302,($AN$5:$AN$302<>"")*(($B$3="All")+($CF$5:$CF$302=$B$3))))))} -> All | BW5: {=_xlfn.LET(_xlpm.p,TRIM('TY Sales Target'!$I$5:$I$300&""),_xlfn.VSTACK("All",_xlfn.UNIQUE(_xlfn._xlws.FILTER(_xlpm.p,_xlpm.p<>"")),"Not set"))} -> All | BX5: {=_xlfn.VSTACK("All",_xlfn._xlws.SORT(_xlfn.UNIQUE(_xlfn._xlws.FILTER($AO$5:$AO$302,($AO$5:$AO$302<>"")*($AN$5:$AN$302<>"")*(($B$3="All")+($CF$5:$CF$302=$B$3))))))} -> All | BY5: Month start | BZ5: =EOMONTH($BZ$6,-1)+1 -> 46296 | CB5: {=IF($AW5="",0,_xlfn.LET(_xlpm.k,IFERROR(_xlfn.XLOOKUP($AW5,$CD$6:$CD$21,$CE$6:$CE$21),$AW5),SUMPRODUCT((TRIM('Makeup '!$A$2:$A$300&"")=_xlpm.k)*1,IFERROR('Makeup '!$F$2:$F$300*1,0))))} -> 15768.35 | CD5: Dashboard code | CE5: Makeup code | CF5: {=IF($AW5="","",_xlfn.LET(_xlpm.c,IFERROR(TRIM(INDEX('Sales and count'!$B$4:$B$300,$BF5)&""),""),IF(OR(_xlpm.c="",_xlpm.c="0",LEFT(_xlpm.c,1)="#"),"Not set",_xlpm.c)))} -> KSA | CG5: {=_xlfn.VSTACK("All",_xlfn._xlws.SORT(_xlfn.UNIQUE(_xlfn._xlws.FILTER($CF$5:$CF$302,($CF$5:$CF$302<>"")*($AN$5:$AN$302<>"")))))} -> All | CH5: {=IF($AW5="",0,_xlfn.LET(_xlpm.k,IFERROR(_xlfn.XLOOKUP($AW5,$CD$6:$CD$21,$CE$6:$CE$21),$AW5),--(SUMPRODUCT((TRIM('Makeup '!$A$2:$A$300&"")=_xlpm.k)*ISNUMBER('Makeup '!$F$2:$F$300))>0)))} -> 1 | CI5: =$AR5*$CH5 -> 178450.24 | CJ5: {=IF($AW5="",0,--(SUMPRODUCT(--(TRIM(Footfall!$B$5:$B$301)=$AW5))>0))} -> 0 | CK5: {=IF($AW5="",0,_xlfn.LET(_xlpm.r,IFERROR(MATCH(IFERROR(_xlfn.XLOOKUP($AW5,$BT$5:$BT$22,$BU$5:$BU$22),$AW5),TRIM('TY Beauty Target'!$B$5:$B$300&""),0),""),IF(ISNUMBER(_xlpm.r),SUMPRODUCT(('TY Beauty Target'!$L$2:$AP$2>=$U$4)*('TY Beauty Target'!$L$2:$AP$2<=$U$5),INDEX('TY Beauty Target'!$L$5:$AP$300,_xlpm.r,0)),0)))} -> 14337.855
A6: Footfall Device | B6: All Stores | AN6: {=IF($AW6="","",_xlfn.LET(_xlpm.sa,IFERROR(TRIM(INDEX('Sales and count'!$D$4:$D$300,$BF6)&""),""),_xlpm.ta,IFERROR(TRIM(INDEX('TY Sales Target'!$F$5:$F$300,$BG6)&""),""),IF(AND(_xlpm.sa<>"",LEFT(_xlpm.sa,1)<>"#",_xlpm.sa<>"0"),_xlpm.sa,IF(AND(_xlpm.ta<>"",LEFT(_xlpm.ta,1)<>"#",_xlpm.ta<>"0"),_xlpm.ta,IF(ISNUMBER($BG6),"Unassigned","")))))} -> Mohammed Sanad | AO6: {=IF($AW6="","",_xlfn.LET(_xlpm.sa,IFERROR(TRIM(INDEX('Sales and count'!$C$4:$C$300,$BF6)&""),""),_xlpm.ta,IFERROR(TRIM(INDEX('TY Sales Target'!$D$5:$D$300,$BG6)&""),""),IF(AND(_xlpm.sa<>"",LEFT(_xlpm.sa,1)<>"#",_xlpm.sa<>"0"),_xlpm.sa,IF(AND(_xlpm.ta<>"",LEFT(_xlpm.ta,1)<>"#",_xlpm.ta<>"0"),_xlpm.ta,""))))} -> Arar | AP6: =IF(AND(AN6<>"",OR($B$3="All",$CF6=$B$3),IF(OR($B$4="All",$B$4="Multiple (ticked)"),IF(COUNTIF($B$10:$M$10,"✔")>0,COUNTIFS($B$9:$M$9,AN6,$B$10:$M$10,"✔")>0,$B$4="All"),AN6=$B$4),OR($B$5="All",AO6=$B$5),OR($B$6="All Stores",CJ6=IF($B$6="With Footfall Device",1,0)),OR($B$7="All Stores",AQ6=1),OR($B$8="All",BH6=$B$8)),1,0) -> 0 | AQ6: =--(AT6>0) -> 0 | AR6: {=IF($BF6="",0,_xlfn.LET(_xlpm.d,IFERROR(--'Sales and count'!$G$2:$CC$2,0),SUMPRODUCT(('Sales and count'!$G$3:$CC$3="Total")*(_xlpm.d>=$U$4)*(_xlpm.d<=$U$5),INDEX('Sales and count'!$G$4:$CC$300,$BF6,0))))} -> 63276.91 | AS6: {=IF($BF6="",0,_xlfn.LET(_xlpm.d,IFERROR(--'Sales and count'!$F$2:$CB$2,0),SUMPRODUCT(('Sales and count'!$G$3:$CC$3="Transactions")*(_xlpm.d>=$U$4)*(_xlpm.d<=$U$5),INDEX('Sales and count'!$G$4:$CC$300,$BF6,0))))} -> 324 | AT6: {=IF($AW6="",0,SUMPRODUCT((TRIM('LY Sales '!$B$5:$B$200)=$AW6)*('LY Sales '!$C$2:$AG$2>=EDATE($U$4,-12))*('LY Sales '!$C$2:$AG$2<=EDATE($U$5,-12)),'LY Sales '!$C$5:$AG$200))} -> 0 | AU6: {=IF($AW6="",0,SUMPRODUCT((TRIM('LY Transaction'!$B$5:$B$200)=$AW6)*('LY Transaction'!$C$2:$AG$2>=EDATE($U$4,-12))*('LY Transaction'!$C$2:$AG$2<=EDATE($U$5,-12)),'LY Transaction'!$C$5:$AG$200))} -> 0 | AV6: {=IF(NOT(ISNUMBER($BG6)),0,SUMPRODUCT(('TY Sales Target'!$K$2:$AO$2>=$U$4)*('TY Sales Target'!$K$2:$AO$2<=$U$5),INDEX('TY Sales Target'!$K$5:$AO$300,$BG6,0)))} -> 72786.622 | AW6: {=IFERROR(INDEX(_xlfn.ANCHORARRAY($BR$5),ROWS($AW$5:AW6)),"")} -> HAOTHARAR | AY6: {=_xlfn.LET(_xlpm.d,IFERROR(--'Sales and count'!$G$2:$CC$2,0),_xlfn._xlws.SORT(_xlfn.UNIQUE(_xlfn.TOCOL(_xlfn._xlws.FILTER(_xlpm.d,('Sales and count'!$G$3:$CC$3="Total")*(_xlpm.d>0))))))} -> 46296 | AZ6: {=_xlfn.LET(_xlpm.d,IFERROR(--'Sales and count'!$G$2:$CC$2,0),_xlpm.t,_xlfn.BYCOL('Sales and count'!$G$4:$CC$300,_xlfn.LAMBDA(_xlpm.c,SUM(_xlpm.c))),MAX(_xlfn._xlws.FILTER(_xlpm.d,('Sales and count'!$G$3:$CC$3="Total")*(_xlpm.t>0),0)))} -> 46321 | BB6: {=IF($AW6="",0,SUMPRODUCT((TRIM(Footfall!$B$5:$B$301)=$AW6)*(Footfall!$C$1:$BZ$1>=$U$4)*(Footfall!$C$2:$BZ$2<=$U$5)*(Footfall!$C$1:$BZ$1<>""),Footfall!$C$5:$BZ$301))} -> 0 | BC6: {=IF(OR($BB6<=0,$BD$1="",$BF6=""),0,_xlfn.LET(_xlpm.d,IFERROR(--'Sales and count'!$F$2:$CB$2,0),SUMPRODUCT(('Sales and count'!$G$3:$CC$3="Transactions")*(_xlpm.d>=$BD$1)*(_xlpm.d<=$BD$2),INDEX('Sales and count'!$G$4:$CC$300,$BF6,0))))} -> 0 | BF6: {=IF($AW6="","",IFERROR(MATCH($AW6,TRIM('Sales and count'!$A$4:$A$300&""),0),""))} -> 2 | BG6: {=IF($AW6="","",IFERROR(MATCH(IFERROR(_xlfn.XLOOKUP($AW6,$BT$5:$BT$22,$BU$5:$BU$22),$AW6),TRIM('TY Sales Target'!$B$5:$B$300&""),0),""))} -> 107 | BH6: {=IF(ISNUMBER($BG6),_xlfn.LET(_xlpm.p,TRIM(INDEX('TY Sales Target'!$I$5:$I$300,$BG6)&""),IF(_xlpm.p="","Not set",_xlpm.p)),"Not set")} -> Gold Bar | BI6: {=IF($BF6="",0,_xlfn.LET(_xlpm.d,IFERROR(--'Sales and count'!$G$2:$CC$2,0),SUMPRODUCT(('Sales and count'!$G$3:$CC$3="Total")*(_xlpm.d>=$BZ$5)*(_xlpm.d<=$BZ$6),INDEX('Sales and count'!$G$4:$CC$300,$BF6,0))))} -> 63276.91 | BJ6: {=IF($AW6="",0,SUMPRODUCT((TRIM('LY Sales '!$B$5:$B$200)=$AW6)*('LY Sales '!$C$2:$AG$2>=EDATE($BZ$5,-12))*('LY Sales '!$C$2:$AG$2<=EDATE($BZ$6,-12)),'LY Sales '!$C$5:$AG$200))} -> 0 | BK6: {=IF($AW6="",0,SUMPRODUCT((TRIM('LY Sales '!$B$5:$B$200)=$AW6)*('LY Sales '!$C$2:$AG$2>=EDATE($BZ$5,-12))*('LY Sales '!$C$2:$AG$2<=EDATE($BZ$7,-12)),'LY Sales '!$C$5:$AG$200))} -> 0 | BL6: {=IF($AW6="",0,SUMPRODUCT((TRIM('LY Sales '!$B$5:$B$200)=$AW6)*('LY Sales '!$C$2:$AG$2>=EDATE($BZ$5,-12))*('LY Sales '!$C$2:$AG$2<=EDATE($BZ$6,-12))*('LY Sales '!$C$5:$AG$200>0)))} -> 0 | BM6: {=IF(NOT(ISNUMBER($BG6)),0,SUMPRODUCT(('TY Sales Target'!$K$2:$AO$2>=$BZ$5)*('TY Sales Target'!$K$2:$AO$2<=$BZ$6),INDEX('TY Sales Target'!$K$5:$AO$300,$BG6,0)))} -> 72786.622 | BN6: {=IF(NOT(ISNUMBER($BG6)),0,SUMPRODUCT(('TY Sales Target'!$K$2:$AO$2>=$BZ$5)*('TY Sales Target'!$K$2:$AO$2<=$BZ$7),INDEX('TY Sales Target'!$K$5:$AO$300,$BG6,0)))} -> 95000 | BO6: {=IF($AW6="",0,IFERROR(_xlfn.SWITCH($BP6,"LY trend",$BI6*$BK6/$BJ6,"Target curve",$BI6*$BN6/$BM6,"Run rate",$BI6/$BZ$8*$BZ$9,0),0))} -> 82588.068 | BP6: =IF($AW6="","",IF(AND($BL6>=$BZ$8,$BJ6>0,$BK6>0),"LY trend",IF($BM6>0,"Target curve",IF($BI6>0,"Run rate","")))) -> Target curve | BR6: HAOTHARAR | BV6: Multiple (ticked) | BW6: Car | BX6: Abha | BY6: Cutoff (To Date, capped at last day with sales) | BZ6: =MIN($U$5,$AZ$6) -> 46321 | CB6: {=IF($AW6="",0,_xlfn.LET(_xlpm.k,IFERROR(_xlfn.XLOOKUP($AW6,$CD$6:$CD$21,$CE$6:$CE$21),$AW6),SUMPRODUCT((TRIM('Makeup '!$A$2:$A$300&"")=_xlpm.k)*1,IFERROR('Makeup '!$F$2:$F$300*1,0))))} -> 3411.97 | CF6: {=IF($AW6="","",_xlfn.LET(_xlpm.c,IFERROR(TRIM(INDEX('Sales and count'!$B$4:$B$300,$BF6)&""),""),IF(OR(_xlpm.c="",_xlpm.c="0",LEFT(_xlpm.c,1)="#"),"Not set",_xlpm.c)))} -> KSA | CG6: KSA | CH6: {=IF($AW6="",0,_xlfn.LET(_xlpm.k,IFERROR(_xlfn.XLOOKUP($AW6,$CD$6:$CD$21,$CE$6:$CE$21),$AW6),--(SUMPRODUCT((TRIM('Makeup '!$A$2:$A$300&"")=_xlpm.k)*ISNUMBER('Makeup '!$F$2:$F$300))>0)))} -> 1 | CI6: =$AR6*$CH6 -> 63276.91 | CJ6: {=IF($AW6="",0,--(SUMPRODUCT(--(TRIM(Footfall!$B$5:$B$301)=$AW6))>0))} -> 0 | CK6: {=IF($AW6="",0,_xlfn.LET(_xlpm.r,IFERROR(MATCH(IFERROR(_xlfn.XLOOKUP($AW6,$BT$5:$BT$22,$BU$5:$BU$22),$AW6),TRIM('TY Beauty Target'!$B$5:$B$300&""),0),""),IF(ISNUMBER(_xlpm.r),SUMPRODUCT(('TY Beauty Target'!$L$2:$AP$2>=$U$4)*('TY Beauty Target'!$L$2:$AP$2<=$U$5),INDEX('TY Beauty Target'!$L$5:$AP$300,_xlpm.r,0)),0)))} -> 8019.9927
A7: Store Basis | B7: All Stores | D7: Sales vs LY (LFL): | F7: =F13 -> -0.26511873 | H7: Trans vs LY (LFL): | J7: =R13 -> -0.31303298 | L7: Month Target: | N7: =L13 -> 3556543.8 | P7: Target Ach ≥80% | Q7: Target Ach 70–80% | T7: Days Selected | U7: =IF(U5<U4,0,U5-U4+1) -> 26 | V7: =IF($BD$1="","ⓘ No footfall loaded for the selected dates",IF(OR($BD$1<>$U$4,$BD$2<>$U$5),"ⓘ Footfall covers "&TEXT($BD$1,"dd mmm")&"–"&TEXT($BD$2,"dd mmm")&" only – conversion uses transactions for those dates","")) | AN7: {=IF($AW7="","",_xlfn.LET(_xlpm.sa,IFERROR(TRIM(INDEX('Sales and count'!$D$4:$D$300,$BF7)&""),""),_xlpm.ta,IFERROR(TRIM(INDEX('TY Sales Target'!$F$5:$F$300,$BG7)&""),""),IF(AND(_xlpm.sa<>"",LEFT(_xlpm.sa,1)<>"#",_xlpm.sa<>"0"),_xlpm.sa,IF(AND(_xlpm.ta<>"",LEFT(_xlpm.ta,1)<>"#",_xlpm.ta<>"0"),_xlpm.ta,IF(ISNUMBER($BG7),"Unassigned","")))))} -> Ahlam Al Zahrani | AO7: {=IF($AW7="","",_xlfn.LET(_xlpm.sa,IFERROR(TRIM(INDEX('Sales and count'!$C$4:$C$300,$BF7)&""),""),_xlpm.ta,IFERROR(TRIM(INDEX('TY Sales Target'!$D$5:$D$300,$BG7)&""),""),IF(AND(_xlpm.sa<>"",LEFT(_xlpm.sa,1)<>"#",_xlpm.sa<>"0"),_xlpm.sa,IF(AND(_xlpm.ta<>"",LEFT(_xlpm.ta,1)<>"#",_xlpm.ta<>"0"),_xlpm.ta,""))))} -> Jeddah | AP7: =IF(AND(AN7<>"",OR($B$3="All",$CF7=$B$3),IF(OR($B$4="All",$B$4="Multiple (ticked)"),IF(COUNTIF($B$10:$M$10,"✔")>0,COUNTIFS($B$9:$M$9,AN7,$B$10:$M$10,"✔")>0,$B$4="All"),AN7=$B$4),OR($B$5="All",AO7=$B$5),OR($B$6="All Stores",CJ7=IF($B$6="With Footfall Device",1,0)),OR($B$7="All Stores",AQ7=1),OR($B$8="All",BH7=$B$8)),1,0) -> 0 | AQ7: =--(AT7>0) -> 0 | AR7: {=IF($BF7="",0,_xlfn.LET(_xlpm.d,IFERROR(--'Sales and count'!$G$2:$CC$2,0),SUMPRODUCT(('Sales and count'!$G$3:$CC$3="Total")*(_xlpm.d>=$U$4)*(_xlpm.d<=$U$5),INDEX('Sales and count'!$G$4:$CC$300,$BF7,0))))} -> 142840.76 | AS7: {=IF($BF7="",0,_xlfn.LET(_xlpm.d,IFERROR(--'Sales and count'!$F$2:$CB$2,0),SUMPRODUCT(('Sales and count'!$G$3:$CC$3="Transactions")*(_xlpm.d>=$U$4)*(_xlpm.d<=$U$5),INDEX('Sales and count'!$G$4:$CC$300,$BF7,0))))} -> 909 | AT7: {=IF($AW7="",0,SUMPRODUCT((TRIM('LY Sales '!$B$5:$B$200)=$AW7)*('LY Sales '!$C$2:$AG$2>=EDATE($U$4,-12))*('LY Sales '!$C$2:$AG$2<=EDATE($U$5,-12)),'LY Sales '!$C$5:$AG$200))} -> 0 | AU7: {=IF($AW7="",0,SUMPRODUCT((TRIM('LY Transaction'!$B$5:$B$200)=$AW7)*('LY Transaction'!$C$2:$AG$2>=EDATE($U$4,-12))*('LY Transaction'!$C$2:$AG$2<=EDATE($U$5,-12)),'LY Transaction'!$C$5:$AG$200))} -> 0 | AV7: {=IF(NOT(ISNUMBER($BG7)),0,SUMPRODUCT(('TY Sales Target'!$K$2:$AO$2>=$U$4)*('TY Sales Target'!$K$2:$AO$2<=$U$5),INDEX('TY Sales Target'!$K$5:$AO$300,$BG7,0)))} -> 153234.99 | AW7: {=IFERROR(INDEX(_xlfn.ANCHORARRAY($BR$5),ROWS($AW$5:AW7)),"")} -> HAPALMJED | AY7: 46297 | BB7: {=IF($AW7="",0,SUMPRODUCT((TRIM(Footfall!$B$5:$B$301)=$AW7)*(Footfall!$C$1:$BZ$1>=$U$4)*(Footfall!$C$2:$BZ$2<=$U$5)*(Footfall!$C$1:$BZ$1<>""),Footfall!$C$5:$BZ$301))} -> 0 | BC7: {=IF(OR($BB7<=0,$BD$1="",$BF7=""),0,_xlfn.LET(_xlpm.d,IFERROR(--'Sales and count'!$F$2:$CB$2,0),SUMPRODUCT(('Sales and count'!$G$3:$CC$3="Transactions")*(_xlpm.d>=$BD$1)*(_xlpm.d<=$BD$2),INDEX('Sales and count'!$G$4:$CC$300,$BF7,0))))} -> 0 | BF7: {=IF($AW7="","",IFERROR(MATCH($AW7,TRIM('Sales and count'!$A$4:$A$300&""),0),""))} -> 3 | BG7: {=IF($AW7="","",IFERROR(MATCH(IFERROR(_xlfn.XLOOKUP($AW7,$BT$5:$BT$22,$BU$5:$BU$22),$AW7),TRIM('TY Sales Target'!$B$5:$B$300&""),0),""))} -> 68 | BH7: {=IF(ISNUMBER($BG7),_xlfn.LET(_xlpm.p,TRIM(INDEX('TY Sales Target'!$I$5:$I$300,$BG7)&""),IF(_xlpm.p="","Not set",_xlpm.p)),"Not set")} -> Smart Phone | BI7: {=IF($BF7="",0,_xlfn.LET(_xlpm.d,IFERROR(--'Sales and count'!$G$2:$CC$2,0),SUMPRODUCT(('Sales and count'!$G$3:$CC$3="Total")*(_xlpm.d>=$BZ$5)*(_xlpm.d<=$BZ$6),INDEX('Sales and count'!$G$4:$CC$300,$BF7,0))))} -> 142840.76 | BJ7: {=IF($AW7="",0,SUMPRODUCT((TRIM('LY Sales '!$B$5:$B$200)=$AW7)*('LY Sales '!$C$2:$AG$2>=EDATE($BZ$5,-12))*('LY Sales '!$C$2:$AG$2<=EDATE($BZ$6,-12)),'LY Sales '!$C$5:$AG$200))} -> 0 | BK7: {=IF($AW7="",0,SUMPRODUCT((TRIM('LY Sales '!$B$5:$B$200)=$AW7)*('LY Sales '!$C$2:$AG$2>=EDATE($BZ$5,-12))*('LY Sales '!$C$2:$AG$2<=EDATE($BZ$7,-12)),'LY Sales '!$C$5:$AG$200))} -> 0 | BL7: {=IF($AW7="",0,SUMPRODUCT((TRIM('LY Sales '!$B$5:$B$200)=$AW7)*('LY Sales '!$C$2:$AG$2>=EDATE($BZ$5,-12))*('LY Sales '!$C$2:$AG$2<=EDATE($BZ$6,-12))*('LY Sales '!$C$5:$AG$200>0)))} -> 0 | BM7: {=IF(NOT(ISNUMBER($BG7)),0,SUMPRODUCT(('TY Sales Target'!$K$2:$AO$2>=$BZ$5)*('TY Sales Target'!$K$2:$AO$2<=$BZ$6),INDEX('TY Sales Target'!$K$5:$AO$300,$BG7,0)))} -> 153234.99 | BN7: {=IF(NOT(ISNUMBER($BG7)),0,SUMPRODUCT(('TY Sales Target'!$K$2:$AO$2>=$BZ$5)*('TY Sales Target'!$K$2:$AO$2<=$BZ$7),INDEX('TY Sales Target'!$K$5:$AO$300,$BG7,0)))} -> 200000 | BO7: {=IF($AW7="",0,IFERROR(_xlfn.SWITCH($BP7,"LY trend",$BI7*$BK7/$BJ7,"Target curve",$BI7*$BN7/$BM7,"Run rate",$BI7/$BZ$8*$BZ$9,0),0))} -> 186433.6 | BP7: =IF($AW7="","",IF(AND($BL7>=$BZ$8,$BJ7>0,$BK7>0),"LY trend",IF($BM7>0,"Target curve",IF($BI7>0,"Run rate","")))) -> Target curve | BR7: HAPALMJED | BV7: Ahlam Al Zahrani | BW7: Smart Phone | BX7: Abo Areash | BY7: Month end | BZ7: =EOMONTH($BZ$6,0) -> 46326 | CB7: {=IF($AW7="",0,_xlfn.LET(_xlpm.k,IFERROR(_xlfn.XLOOKUP($AW7,$CD$6:$CD$21,$CE$6:$CE$21),$AW7),SUMPRODUCT((TRIM('Makeup '!$A$2:$A$300&"")=_xlpm.k)*1,IFERROR('Makeup '!$F$2:$F$300*1,0))))} -> 13242.49 | CF7: {=IF($AW7="","",_xlfn.LET(_xlpm.c,IFERROR(TRIM(INDEX('Sales and count'!$B$4:$B$300,$BF7)&""),""),IF(OR(_xlpm.c="",_xlpm.c="0",LEFT(_xlpm.c,1)="#"),"Not set",_xlpm.c)))} -> KSA | CG7: Not set | CH7: {=IF($AW7="",0,_xlfn.LET(_xlpm.k,IFERROR(_xlfn.XLOOKUP($AW7,$CD$6:$CD$21,$CE$6:$CE$21),$AW7),--(SUMPRODUCT((TRIM('Makeup '!$A$2:$A$300&"")=_xlpm.k)*ISNUMBER('Makeup '!$F$2:$F$300))>0)))} -> 1 | CI7: =$AR7*$CH7 -> 142840.76 | CJ7: {=IF($AW7="",0,--(SUMPRODUCT(--(TRIM(Footfall!$B$5:$B$301)=$AW7))>0))} -> 0 | CK7: {=IF($AW7="",0,_xlfn.LET(_xlpm.r,IFERROR(MATCH(IFERROR(_xlfn.XLOOKUP($AW7,$BT$5:$BT$22,$BU$5:$BU$22),$AW7),TRIM('TY Beauty Target'!$B$5:$B$300&""),0),""),IF(ISNUMBER(_xlpm.r),SUMPRODUCT(('TY Beauty Target'!$L$2:$AP$2>=$U$4)*('TY Beauty Target'!$L$2:$AP$2<=$U$5),INDEX('TY Beauty Target'!$L$5:$AP$300,_xlpm.r,0)),0)))} -> 16664.129
A8: Prize | B8: All | D8: Footfall (FF stores): | F8: =W13 -> 45821 | H8: Conversion %: | J8: =Y13 -> 0.20800506 | L8: Projection basis: | N8: =TEXT($BZ$8,"0")&" of "&TEXT($BZ$9,"0")&" days ("&TEXT($BZ$6,"dd mmm")&")" -> 26 of 31 days (26 Oct) | AN8: {=IF($AW8="","",_xlfn.LET(_xlpm.sa,IFERROR(TRIM(INDEX('Sales and count'!$D$4:$D$300,$BF8)&""),""),_xlpm.ta,IFERROR(TRIM(INDEX('TY Sales Target'!$F$5:$F$300,$BG8)&""),""),IF(AND(_xlpm.sa<>"",LEFT(_xlpm.sa,1)<>"#",_xlpm.sa<>"0"),_xlpm.sa,IF(AND(_xlpm.ta<>"",LEFT(_xlpm.ta,1)<>"#",_xlpm.ta<>"0"),_xlpm.ta,IF(ISNUMBER($BG8),"Unassigned","")))))} -> Ahlam Al Zahrani | AO8: {=IF($AW8="","",_xlfn.LET(_xlpm.sa,IFERROR(TRIM(INDEX('Sales and count'!$C$4:$C$300,$BF8)&""),""),_xlpm.ta,IFERROR(TRIM(INDEX('TY Sales Target'!$D$5:$D$300,$BG8)&""),""),IF(AND(_xlpm.sa<>"",LEFT(_xlpm.sa,1)<>"#",_xlpm.sa<>"0"),_xlpm.sa,IF(AND(_xlpm.ta<>"",LEFT(_xlpm.ta,1)<>"#",_xlpm.ta<>"0"),_xlpm.ta,""))))} -> Jeddah | AP8: =IF(AND(AN8<>"",OR($B$3="All",$CF8=$B$3),IF(OR($B$4="All",$B$4="Multiple (ticked)"),IF(COUNTIF($B$10:$M$10,"✔")>0,COUNTIFS($B$9:$M$9,AN8,$B$10:$M$10,"✔")>0,$B$4="All"),AN8=$B$4),OR($B$5="All",AO8=$B$5),OR($B$6="All Stores",CJ8=IF($B$6="With Footfall Device",1,0)),OR($B$7="All Stores",AQ8=1),OR($B$8="All",BH8=$B$8)),1,0) -> 0 | AQ8: =--(AT8>0) -> 1 | AR8: {=IF($BF8="",0,_xlfn.LET(_xlpm.d,IFERROR(--'Sales and count'!$G$2:$CC$2,0),SUMPRODUCT(('Sales and count'!$G$3:$CC$3="Total")*(_xlpm.d>=$U$4)*(_xlpm.d<=$U$5),INDEX('Sales and count'!$G$4:$CC$300,$BF8,0))))} -> 150526.64 | AS8: {=IF($BF8="",0,_xlfn.LET(_xlpm.d,IFERROR(--'Sales and count'!$F$2:$CB$2,0),SUMPRODUCT(('Sales and count'!$G$3:$CC$3="Transactions")*(_xlpm.d>=$U$4)*(_xlpm.d<=$U$5),INDEX('Sales and count'!$G$4:$CC$300,$BF8,0))))} -> 829 | AT8: {=IF($AW8="",0,SUMPRODUCT((TRIM('LY Sales '!$B$5:$B$200)=$AW8)*('LY Sales '!$C$2:$AG$2>=EDATE($U$4,-12))*('LY Sales '!$C$2:$AG$2<=EDATE($U$5,-12)),'LY Sales '!$C$5:$AG$200))} -> 248762.99 | AU8: {=IF($AW8="",0,SUMPRODUCT((TRIM('LY Transaction'!$B$5:$B$200)=$AW8)*('LY Transaction'!$C$2:$AG$2>=EDATE($U$4,-12))*('LY Transaction'!$C$2:$AG$2<=EDATE($U$5,-12)),'LY Transaction'!$C$5:$AG$200))} -> 1454 | AV8: {=IF(NOT(ISNUMBER($BG8)),0,SUMPRODUCT(('TY Sales Target'!$K$2:$AO$2>=$U$4)*('TY Sales Target'!$K$2:$AO$2<=$U$5),INDEX('TY Sales Target'!$K$5:$AO$300,$BG8,0)))} -> 187712.87 | AW8: {=IFERROR(INDEX(_xlfn.ANCHORARRAY($BR$5),ROWS($AW$5:AW8)),"")} -> TAHLIAST | AY8: 46298 | BB8: {=IF($AW8="",0,SUMPRODUCT((TRIM(Footfall!$B$5:$B$301)=$AW8)*(Footfall!$C$1:$BZ$1>=$U$4)*(Footfall!$C$2:$BZ$2<=$U$5)*(Footfall!$C$1:$BZ$1<>""),Footfall!$C$5:$BZ$301))} -> 3090 | BC8: {=IF(OR($BB8<=0,$BD$1="",$BF8=""),0,_xlfn.LET(_xlpm.d,IFERROR(--'Sales and count'!$F$2:$CB$2,0),SUMPRODUCT(('Sales and count'!$G$3:$CC$3="Transactions")*(_xlpm.d>=$BD$1)*(_xlpm.d<=$BD$2),INDEX('Sales and count'!$G$4:$CC$300,$BF8,0))))} -> 829 | BF8: {=IF($AW8="","",IFERROR(MATCH($AW8,TRIM('Sales and count'!$A$4:$A$300&""),0),""))} -> 4 | BG8: {=IF($AW8="","",IFERROR(MATCH(IFERROR(_xlfn.XLOOKUP($AW8,$BT$5:$BT$22,$BU$5:$BU$22),$AW8),TRIM('TY Sales Target'!$B$5:$B$300&""),0),""))} -> 49 | BH8: {=IF(ISNUMBER($BG8),_xlfn.LET(_xlpm.p,TRIM(INDEX('TY Sales Target'!$I$5:$I$300,$BG8)&""),IF(_xlpm.p="","Not set",_xlpm.p)),"Not set")} -> Smart Phone | BI8: {=IF($BF8="",0,_xlfn.LET(_xlpm.d,IFERROR(--'Sales and count'!$G$2:$CC$2,0),SUMPRODUCT(('Sales and count'!$G$3:$CC$3="Total")*(_xlpm.d>=$BZ$5)*(_xlpm.d<=$BZ$6),INDEX('Sales and count'!$G$4:$CC$300,$BF8,0))))} -> 150526.64 | BJ8: {=IF($AW8="",0,SUMPRODUCT((TRIM('LY Sales '!$B$5:$B$200)=$AW8)*('LY Sales '!$C$2:$AG$2>=EDATE($BZ$5,-12))*('LY Sales '!$C$2:$AG$2<=EDATE($BZ$6,-12)),'LY Sales '!$C$5:$AG$200))} -> 248762.99 | BK8: {=IF($AW8="",0,SUMPRODUCT((TRIM('LY Sales '!$B$5:$B$200)=$AW8)*('LY Sales '!$C$2:$AG$2>=EDATE($BZ$5,-12))*('LY Sales '!$C$2:$AG$2<=EDATE($BZ$7,-12)),'LY Sales '!$C$5:$AG$200))} -> 306103.78 | BL8: {=IF($AW8="",0,SUMPRODUCT((TRIM('LY Sales '!$B$5:$B$200)=$AW8)*('LY Sales '!$C$2:$AG$2>=EDATE($BZ$5,-12))*('LY Sales '!$C$2:$AG$2<=EDATE($BZ$6,-12))*('LY Sales '!$C$5:$AG$200>0)))} -> 26 | BM8: {=IF(NOT(ISNUMBER($BG8)),0,SUMPRODUCT(('TY Sales Target'!$K$2:$AO$2>=$BZ$5)*('TY Sales Target'!$K$2:$AO$2<=$BZ$6),INDEX('TY Sales Target'!$K$5:$AO$300,$BG8,0)))} -> 187712.87 | BN8: {=IF(NOT(ISNUMBER($BG8)),0,SUMPRODUCT(('TY Sales Target'!$K$2:$AO$2>=$BZ$5)*('TY Sales Target'!$K$2:$AO$2<=$BZ$7),INDEX('TY Sales Target'!$K$5:$AO$300,$BG8,0)))} -> 245000 | BO8: {=IF($AW8="",0,IFERROR(_xlfn.SWITCH($BP8,"LY trend",$BI8*$BK8/$BJ8,"Target curve",$BI8*$BN8/$BM8,"Run rate",$BI8/$BZ$8*$BZ$9,0),0))} -> 185223.59 | BP8: =IF($AW8="","",IF(AND($BL8>=$BZ$8,$BJ8>0,$BK8>0),"LY trend",IF($BM8>0,"Target curve",IF($BI8>0,"Run rate","")))) -> LY trend | BR8: TAHLIAST | BV8: Ahmed Jaffari | BW8: I Pad | BX8: Al Hasa | BY8: Days elapsed | BZ8: =$BZ$6-$BZ$5+1 -> 26 | CB8: {=IF($AW8="",0,_xlfn.LET(_xlpm.k,IFERROR(_xlfn.XLOOKUP($AW8,$CD$6:$CD$21,$CE$6:$CE$21),$AW8),SUMPRODUCT((TRIM('Makeup '!$A$2:$A$300&"")=_xlpm.k)*1,IFERROR('Makeup '!$F$2:$F$300*1,0))))} -> 6163.25 | CF8: {=IF($AW8="","",_xlfn.LET(_xlpm.c,IFERROR(TRIM(INDEX('Sales and count'!$B$4:$B$300,$BF8)&""),""),IF(OR(_xlpm.c="",_xlpm.c="0",LEFT(_xlpm.c,1)="#"),"Not set",_xlpm.c)))} -> KSA | CG8: Qatar | CH8: {=IF($AW8="",0,_xlfn.LET(_xlpm.k,IFERROR(_xlfn.XLOOKUP($AW8,$CD$6:$CD$21,$CE$6:$CE$21),$AW8),--(SUMPRODUCT((TRIM('Makeup '!$A$2:$A$300&"")=_xlpm.k)*ISNUMBER('Makeup '!$F$2:$F$300))>0)))} -> 1 | CI8: =$AR8*$CH8 -> 150526.64 | CJ8: {=IF($AW8="",0,--(SUMPRODUCT(--(TRIM(Footfall!$B$5:$B$301)=$AW8))>0))} -> 1 | CK8: {=IF($AW8="",0,_xlfn.LET(_xlpm.r,IFERROR(MATCH(IFERROR(_xlfn.XLOOKUP($AW8,$BT$5:$BT$22,$BU$5:$BU$22),$AW8),TRIM('TY Beauty Target'!$B$5:$B$300&""),0),""),IF(ISNUMBER(_xlpm.r),SUMPRODUCT(('TY Beauty Target'!$L$2:$AP$2>=$U$4)*('TY Beauty Target'!$L$2:$AP$2<=$U$5),INDEX('TY Beauty Target'!$L$5:$AP$300,_xlpm.r,0)),0)))} -> 14022.777
A9: Select AMs ▸ | B9: {=IFERROR(INDEX(_xlfn._xlws.SORT(_xlfn.UNIQUE(_xlfn._xlws.FILTER($AN$5:$AN$302,$AN$5:$AN$302<>""))),COLUMNS($B$9:B9)),"")} -> Ahlam Al Zahrani | C9: {=IFERROR(INDEX(_xlfn._xlws.SORT(_xlfn.UNIQUE(_xlfn._xlws.FILTER($AN$5:$AN$302,$AN$5:$AN$302<>""))),COLUMNS($B$9:C9)),"")} -> Ahmed Jaffari | D9: {=IFERROR(INDEX(_xlfn._xlws.SORT(_xlfn.UNIQUE(_xlfn._xlws.FILTER($AN$5:$AN$302,$AN$5:$AN$302<>""))),COLUMNS($B$9:D9)),"")} -> Hamzah Al Makhadam | E9: {=IFERROR(INDEX(_xlfn._xlws.SORT(_xlfn.UNIQUE(_xlfn._xlws.FILTER($AN$5:$AN$302,$AN$5:$AN$302<>""))),COLUMNS($B$9:E9)),"")} -> Lina Al Ghathami | F9: {=IFERROR(INDEX(_xlfn._xlws.SORT(_xlfn.UNIQUE(_xlfn._xlws.FILTER($AN$5:$AN$302,$AN$5:$AN$302<>""))),COLUMNS($B$9:F9)),"")} -> Maram Zamzami | G9: {=IFERROR(INDEX(_xlfn._xlws.SORT(_xlfn.UNIQUE(_xlfn._xlws.FILTER($AN$5:$AN$302,$AN$5:$AN$302<>""))),COLUMNS($B$9:G9)),"")} -> Mohammed Haidar | H9: {=IFERROR(INDEX(_xlfn._xlws.SORT(_xlfn.UNIQUE(_xlfn._xlws.FILTER($AN$5:$AN$302,$AN$5:$AN$302<>""))),COLUMNS($B$9:H9)),"")} -> Mohammed Sanad | I9: {=IFERROR(INDEX(_xlfn._xlws.SORT(_xlfn.UNIQUE(_xlfn._xlws.FILTER($AN$5:$AN$302,$AN$5:$AN$302<>""))),COLUMNS($B$9:I9)),"")} -> No assignment | ... M9: {=IFERROR(INDEX(_xlfn._xlws.SORT(_xlfn.UNIQUE(_xlfn._xlws.FILTER($AN$5:$AN$302,$AN$5:$AN$302<>""))),COLUMNS($B$9:M9)),"")} | N9: =_xlfn.LET(_xlpm.k,COUNTIF($B$10:$M$10,"✔"),IF(OR($B$4="All",$B$4="Multiple (ticked)"),IF(_xlpm.k>0,"Showing "&_xlpm.k&" ticked AM(s)","No ticks – showing "&IF($B$4="All","all AMs","nothing (tick at least one)")),"ⓘ Ticks ignored – B3 is set to "&$B$4&". Set B3 to All to use ticks")) -> ⓘ Ticks ignored – B3 is set to Saleh Bin Hoiel. Set B3 to All to use ticks | AN9: {=IF($AW9="","",_xlfn.LET(_xlpm.sa,IFERROR(TRIM(INDEX('Sales and count'!$D$4:$D$300,$BF9)&""),""),_xlpm.ta,IFERROR(TRIM(INDEX('TY Sales Target'!$F$5:$F$300,$BG9)&""),""),IF(AND(_xlpm.sa<>"",LEFT(_xlpm.sa,1)<>"#",_xlpm.sa<>"0"),_xlpm.sa,IF(AND(_xlpm.ta<>"",LEFT(_xlpm.ta,1)<>"#",_xlpm.ta<>"0"),_xlpm.ta,IF(ISNUMBER($BG9),"Unassigned","")))))} -> Maram Zamzami | AO9: {=IF($AW9="","",_xlfn.LET(_xlpm.sa,IFERROR(TRIM(INDEX('Sales and count'!$C$4:$C$300,$BF9)&""),""),_xlpm.ta,IFERROR(TRIM(INDEX('TY Sales Target'!$D$5:$D$300,$BG9)&""),""),IF(AND(_xlpm.sa<>"",LEFT(_xlpm.sa,1)<>"#",_xlpm.sa<>"0"),_xlpm.sa,IF(AND(_xlpm.ta<>"",LEFT(_xlpm.ta,1)<>"#",_xlpm.ta<>"0"),_xlpm.ta,""))))} -> Makkah | AP9: =IF(AND(AN9<>"",OR($B$3="All",$CF9=$B$3),IF(OR($B$4="All",$B$4="Multiple (ticked)"),IF(COUNTIF($B$10:$M$10,"✔")>0,COUNTIFS($B$9:$M$9,AN9,$B$10:$M$10,"✔")>0,$B$4="All"),AN9=$B$4),OR($B$5="All",AO9=$B$5),OR($B$6="All Stores",CJ9=IF($B$6="With Footfall Device",1,0)),OR($B$7="All Stores",AQ9=1),OR($B$8="All",BH9=$B$8)),1,0) -> 0 | AQ9: =--(AT9>0) -> 1 | AR9: {=IF($BF9="",0,_xlfn.LET(_xlpm.d,IFERROR(--'Sales and count'!$G$2:$CC$2,0),SUMPRODUCT(('Sales and count'!$G$3:$CC$3="Total")*(_xlpm.d>=$U$4)*(_xlpm.d<=$U$5),INDEX('Sales and count'!$G$4:$CC$300,$BF9,0))))} -> 121241.31 | AS9: {=IF($BF9="",0,_xlfn.LET(_xlpm.d,IFERROR(--'Sales and count'!$F$2:$CB$2,0),SUMPRODUCT(('Sales and count'!$G$3:$CC$3="Transactions")*(_xlpm.d>=$U$4)*(_xlpm.d<=$U$5),INDEX('Sales and count'!$G$4:$CC$300,$BF9,0))))} -> 869 | AT9: {=IF($AW9="",0,SUMPRODUCT((TRIM('LY Sales '!$B$5:$B$200)=$AW9)*('LY Sales '!$C$2:$AG$2>=EDATE($U$4,-12))*('LY Sales '!$C$2:$AG$2<=EDATE($U$5,-12)),'LY Sales '!$C$5:$AG$200))} -> 122907.86 | AU9: {=IF($AW9="",0,SUMPRODUCT((TRIM('LY Transaction'!$B$5:$B$200)=$AW9)*('LY Transaction'!$C$2:$AG$2>=EDATE($U$4,-12))*('LY Transaction'!$C$2:$AG$2<=EDATE($U$5,-12)),'LY Transaction'!$C$5:$AG$200))} -> 974 | AV9: {=IF(NOT(ISNUMBER($BG9)),0,SUMPRODUCT(('TY Sales Target'!$K$2:$AO$2>=$U$4)*('TY Sales Target'!$K$2:$AO$2<=$U$5),INDEX('TY Sales Target'!$K$5:$AO$300,$BG9,0)))} -> 130249.74 | AW9: {=IFERROR(INDEX(_xlfn.ANCHORARRAY($BR$5),ROWS($AW$5:AW9)),"")} -> HAMYANYARD | AY9: 46299 | BB9: {=IF($AW9="",0,SUMPRODUCT((TRIM(Footfall!$B$5:$B$301)=$AW9)*(Footfall!$C$1:$BZ$1>=$U$4)*(Footfall!$C$2:$BZ$2<=$U$5)*(Footfall!$C$1:$BZ$1<>""),Footfall!$C$5:$BZ$301))} -> 6311 | BC9: {=IF(OR($BB9<=0,$BD$1="",$BF9=""),0,_xlfn.LET(_xlpm.d,IFERROR(--'Sales and count'!$F$2:$CB$2,0),SUMPRODUCT(('Sales and count'!$G$3:$CC$3="Transactions")*(_xlpm.d>=$BD$1)*(_xlpm.d<=$BD$2),INDEX('Sales and count'!$G$4:$CC$300,$BF9,0))))} -> 869 | BF9: {=IF($AW9="","",IFERROR(MATCH($AW9,TRIM('Sales and count'!$A$4:$A$300&""),0),""))} -> 5 | BG9: {=IF($AW9="","",IFERROR(MATCH(IFERROR(_xlfn.XLOOKUP($AW9,$BT$5:$BT$22,$BU$5:$BU$22),$AW9),TRIM('TY Sales Target'!$B$5:$B$300&""),0),""))} -> 78 | BH9: {=IF(ISNUMBER($BG9),_xlfn.LET(_xlpm.p,TRIM(INDEX('TY Sales Target'!$I$5:$I$300,$BG9)&""),IF(_xlpm.p="","Not set",_xlpm.p)),"Not set")} -> I Pad | BI9: {=IF($BF9="",0,_xlfn.LET(_xlpm.d,IFERROR(--'Sales and count'!$G$2:$CC$2,0),SUMPRODUCT(('Sales and count'!$G$3:$CC$3="Total")*(_xlpm.d>=$BZ$5)*(_xlpm.d<=$BZ$6),INDEX('Sales and count'!$G$4:$CC$300,$BF9,0))))} -> 121241.31 | BJ9: {=IF($AW9="",0,SUMPRODUCT((TRIM('LY Sales '!$B$5:$B$200)=$AW9)*('LY Sales '!$C$2:$AG$2>=EDATE($BZ$5,-12))*('LY Sales '!$C$2:$AG$2<=EDATE($BZ$6,-12)),'LY Sales '!$C$5:$AG$200))} -> 122907.86 | BK9: {=IF($AW9="",0,SUMPRODUCT((TRIM('LY Sales '!$B$5:$B$200)=$AW9)*('LY Sales '!$C$2:$AG$2>=EDATE($BZ$5,-12))*('LY Sales '!$C$2:$AG$2<=EDATE($BZ$7,-12)),'LY Sales '!$C$5:$AG$200))} -> 155071.3 | BL9: {=IF($AW9="",0,SUMPRODUCT((TRIM('LY Sales '!$B$5:$B$200)=$AW9)*('LY Sales '!$C$2:$AG$2>=EDATE($BZ$5,-12))*('LY Sales '!$C$2:$AG$2<=EDATE($BZ$6,-12))*('LY Sales '!$C$5:$AG$200>0)))} -> 26 | BM9: {=IF(NOT(ISNUMBER($BG9)),0,SUMPRODUCT(('TY Sales Target'!$K$2:$AO$2>=$BZ$5)*('TY Sales Target'!$K$2:$AO$2<=$BZ$6),INDEX('TY Sales Target'!$K$5:$AO$300,$BG9,0)))} -> 130249.74 | BN9: {=IF(NOT(ISNUMBER($BG9)),0,SUMPRODUCT(('TY Sales Target'!$K$2:$AO$2>=$BZ$5)*('TY Sales Target'!$K$2:$AO$2<=$BZ$7),INDEX('TY Sales Target'!$K$5:$AO$300,$BG9,0)))} -> 170000 | BO9: {=IF($AW9="",0,IFERROR(_xlfn.SWITCH($BP9,"LY trend",$BI9*$BK9/$BJ9,"Target curve",$BI9*$BN9/$BM9,"Run rate",$BI9/$BZ$8*$BZ$9,0),0))} -> 152968.63 | BP9: =IF($AW9="","",IF(AND($BL9>=$BZ$8,$BJ9>0,$BK9>0),"LY trend",IF($BM9>0,"Target curve",IF($BI9>0,"Run rate","")))) -> LY trend | BR9: HAMYANYARD | BV9: Hamzah Al Makhadam | BW9: Smart Watch | BX9: Arar | BY9: Days in month | BZ9: =$BZ$7-$BZ$5+1 -> 31 | CB9: {=IF($AW9="",0,_xlfn.LET(_xlpm.k,IFERROR(_xlfn.XLOOKUP($AW9,$CD$6:$CD$21,$CE$6:$CE$21),$AW9),SUMPRODUCT((TRIM('Makeup '!$A$2:$A$300&"")=_xlpm.k)*1,IFERROR('Makeup '!$F$2:$F$300*1,0))))} -> 4564.84 | CF9: {=IF($AW9="","",_xlfn.LET(_xlpm.c,IFERROR(TRIM(INDEX('Sales and count'!$B$4:$B$300,$BF9)&""),""),IF(OR(_xlpm.c="",_xlpm.c="0",LEFT(_xlpm.c,1)="#"),"Not set",_xlpm.c)))} -> KSA | CH9: {=IF($AW9="",0,_xlfn.LET(_xlpm.k,IFERROR(_xlfn.XLOOKUP($AW9,$CD$6:$CD$21,$CE$6:$CE$21),$AW9),--(SUMPRODUCT((TRIM('Makeup '!$A$2:$A$300&"")=_xlpm.k)*ISNUMBER('Makeup '!$F$2:$F$300))>0)))} -> 1 | CI9: =$AR9*$CH9 -> 121241.31 | CJ9: {=IF($AW9="",0,--(SUMPRODUCT(--(TRIM(Footfall!$B$5:$B$301)=$AW9))>0))} -> 1 | CK9: {=IF($AW9="",0,_xlfn.LET(_xlpm.r,IFERROR(MATCH(IFERROR(_xlfn.XLOOKUP($AW9,$BT$5:$BT$22,$BU$5:$BU$22),$AW9),TRIM('TY Beauty Target'!$B$5:$B$300&""),0),""),IF(ISNUMBER(_xlpm.r),SUMPRODUCT(('TY Beauty Target'!$L$2:$AP$2>=$U$4)*('TY Beauty Target'!$L$2:$AP$2<=$U$5),INDEX('TY Beauty Target'!$L$5:$AP$300,_xlpm.r,0)),0)))} -> 10090.295
A10: Tick ✔ to include | AN10: {=IF($AW10="","",_xlfn.LET(_xlpm.sa,IFERROR(TRIM(INDEX('Sales and count'!$D$4:$D$300,$BF10)&""),""),_xlpm.ta,IFERROR(TRIM(INDEX('TY Sales Target'!$F$5:$F$300,$BG10)&""),""),IF(AND(_xlpm.sa<>"",LEFT(_xlpm.sa,1)<>"#",_xlpm.sa<>"0"),_xlpm.sa,IF(AND(_xlpm.ta<>"",LEFT(_xlpm.ta,1)<>"#",_xlpm.ta<>"0"),_xlpm.ta,IF(ISNUMBER($BG10),"Unassigned","")))))} -> Lina Al Ghathami | AO10: {=IF($AW10="","",_xlfn.LET(_xlpm.sa,IFERROR(TRIM(INDEX('Sales and count'!$C$4:$C$300,$BF10)&""),""),_xlpm.ta,IFERROR(TRIM(INDEX('TY Sales Target'!$D$5:$D$300,$BG10)&""),""),IF(AND(_xlpm.sa<>"",LEFT(_xlpm.sa,1)<>"#",_xlpm.sa<>"0"),_xlpm.sa,IF(AND(_xlpm.ta<>"",LEFT(_xlpm.ta,1)<>"#",_xlpm.ta<>"0"),_xlpm.ta,""))))} -> Dawadami | AP10: =IF(AND(AN10<>"",OR($B$3="All",$CF10=$B$3),IF(OR($B$4="All",$B$4="Multiple (ticked)"),IF(COUNTIF($B$10:$M$10,"✔")>0,COUNTIFS($B$9:$M$9,AN10,$B$10:$M$10,"✔")>0,$B$4="All"),AN10=$B$4),OR($B$5="All",AO10=$B$5),OR($B$6="All Stores",CJ10=IF($B$6="With Footfall Device",1,0)),OR($B$7="All Stores",AQ10=1),OR($B$8="All",BH10=$B$8)),1,0) -> 0 | AQ10: =--(AT10>0) -> 0 | AR10: {=IF($BF10="",0,_xlfn.LET(_xlpm.d,IFERROR(--'Sales and count'!$G$2:$CC$2,0),SUMPRODUCT(('Sales and count'!$G$3:$CC$3="Total")*(_xlpm.d>=$U$4)*(_xlpm.d<=$U$5),INDEX('Sales and count'!$G$4:$CC$300,$BF10,0))))} -> 72555.68 | AS10: {=IF($BF10="",0,_xlfn.LET(_xlpm.d,IFERROR(--'Sales and count'!$F$2:$CB$2,0),SUMPRODUCT(('Sales and count'!$G$3:$CC$3="Transactions")*(_xlpm.d>=$U$4)*(_xlpm.d<=$U$5),INDEX('Sales and count'!$G$4:$CC$300,$BF10,0))))} -> 572 | AT10: {=IF($AW10="",0,SUMPRODUCT((TRIM('LY Sales '!$B$5:$B$200)=$AW10)*('LY Sales '!$C$2:$AG$2>=EDATE($U$4,-12))*('LY Sales '!$C$2:$AG$2<=EDATE($U$5,-12)),'LY Sales '!$C$5:$AG$200))} -> 0 | AU10: {=IF($AW10="",0,SUMPRODUCT((TRIM('LY Transaction'!$B$5:$B$200)=$AW10)*('LY Transaction'!$C$2:$AG$2>=EDATE($U$4,-12))*('LY Transaction'!$C$2:$AG$2<=EDATE($U$5,-12)),'LY Transaction'!$C$5:$AG$200))} -> 0 | AV10: {=IF(NOT(ISNUMBER($BG10)),0,SUMPRODUCT(('TY Sales Target'!$K$2:$AO$2>=$U$4)*('TY Sales Target'!$K$2:$AO$2<=$U$5),INDEX('TY Sales Target'!$K$5:$AO$300,$BG10,0)))} -> 72786.622 | AW10: {=IFERROR(INDEX(_xlfn.ANCHORARRAY($BR$5),ROWS($AW$5:AW10)),"")} -> HAMAKANMAL | AY10: 46300 | BB10: {=IF($AW10="",0,SUMPRODUCT((TRIM(Footfall!$B$5:$B$301)=$AW10)*(Footfall!$C$1:$BZ$1>=$U$4)*(Footfall!$C$2:$BZ$2<=$U$5)*(Footfall!$C$1:$BZ$1<>""),Footfall!$C$5:$BZ$301))} -> 0 | BC10: {=IF(OR($BB10<=0,$BD$1="",$BF10=""),0,_xlfn.LET(_xlpm.d,IFERROR(--'Sales and count'!$F$2:$CB$2,0),SUMPRODUCT(('Sales and count'!$G$3:$CC$3="Transactions")*(_xlpm.d>=$BD$1)*(_xlpm.d<=$BD$2),INDEX('Sales and count'!$G$4:$CC$300,$BF10,0))))} -> 0 | BF10: {=IF($AW10="","",IFERROR(MATCH($AW10,TRIM('Sales and count'!$A$4:$A$300&""),0),""))} -> 6 | BG10: {=IF($AW10="","",IFERROR(MATCH(IFERROR(_xlfn.XLOOKUP($AW10,$BT$5:$BT$22,$BU$5:$BU$22),$AW10),TRIM('TY Sales Target'!$B$5:$B$300&""),0),""))} -> 108 | BH10: {=IF(ISNUMBER($BG10),_xlfn.LET(_xlpm.p,TRIM(INDEX('TY Sales Target'!$I$5:$I$300,$BG10)&""),IF(_xlpm.p="","Not set",_xlpm.p)),"Not set")} -> Gold Bar | BI10: {=IF($BF10="",0,_xlfn.LET(_xlpm.d,IFERROR(--'Sales and count'!$G$2:$CC$2,0),SUMPRODUCT(('Sales and count'!$G$3:$CC$3="Total")*(_xlpm.d>=$BZ$5)*(_xlpm.d<=$BZ$6),INDEX('Sales and count'!$G$4:$CC$300,$BF10,0))))} -> 72555.68 | BJ10: {=IF($AW10="",0,SUMPRODUCT((TRIM('LY Sales '!$B$5:$B$200)=$AW10)*('LY Sales '!$C$2:$AG$2>=EDATE($BZ$5,-12))*('LY Sales '!$C$2:$AG$2<=EDATE($BZ$6,-12)),'LY Sales '!$C$5:$AG$200))} -> 0 | BK10: {=IF($AW10="",0,SUMPRODUCT((TRIM('LY Sales '!$B$5:$B$200)=$AW10)*('LY Sales '!$C$2:$AG$2>=EDATE($BZ$5,-12))*('LY Sales '!$C$2:$AG$2<=EDATE($BZ$7,-12)),'LY Sales '!$C$5:$AG$200))} -> 0 | BL10: {=IF($AW10="",0,SUMPRODUCT((TRIM('LY Sales '!$B$5:$B$200)=$AW10)*('LY Sales '!$C$2:$AG$2>=EDATE($BZ$5,-12))*('LY Sales '!$C$2:$AG$2<=EDATE($BZ$6,-12))*('LY Sales '!$C$5:$AG$200>0)))} -> 0 | BM10: {=IF(NOT(ISNUMBER($BG10)),0,SUMPRODUCT(('TY Sales Target'!$K$2:$AO$2>=$BZ$5)*('TY Sales Target'!$K$2:$AO$2<=$BZ$6),INDEX('TY Sales Target'!$K$5:$AO$300,$BG10,0)))} -> 72786.622 | BN10: {=IF(NOT(ISNUMBER($BG10)),0,SUMPRODUCT(('TY Sales Target'!$K$2:$AO$2>=$BZ$5)*('TY Sales Target'!$K$2:$AO$2<=$BZ$7),INDEX('TY Sales Target'!$K$5:$AO$300,$BG10,0)))} -> 95000 | BO10: {=IF($AW10="",0,IFERROR(_xlfn.SWITCH($BP10,"LY trend",$BI10*$BK10/$BJ10,"Target curve",$BI10*$BN10/$BM10,"Run rate",$BI10/$BZ$8*$BZ$9,0),0))} -> 94698.578 | BP10: =IF($AW10="","",IF(AND($BL10>=$BZ$8,$BJ10>0,$BK10>0),"LY trend",IF($BM10>0,"Target curve",IF($BI10>0,"Run rate","")))) -> Target curve | BR10: HAMAKANMAL | BV10: Lina Al Ghathami | BW10: Gold Bar | BX10: Baha | CB10: {=IF($AW10="",0,_xlfn.LET(_xlpm.k,IFERROR(_xlfn.XLOOKUP($AW10,$CD$6:$CD$21,$CE$6:$CE$21),$AW10),SUMPRODUCT((TRIM('Makeup '!$A$2:$A$300&"")=_xlpm.k)*1,IFERROR('Makeup '!$F$2:$F$300*1,0))))} -> 5136.52 | CF10: {=IF($AW10="","",_xlfn.LET(_xlpm.c,IFERROR(TRIM(INDEX('Sales and count'!$B$4:$B$300,$BF10)&""),""),IF(OR(_xlpm.c="",_xlpm.c="0",LEFT(_xlpm.c,1)="#"),"Not set",_xlpm.c)))} -> KSA | CH10: {=IF($AW10="",0,_xlfn.LET(_xlpm.k,IFERROR(_xlfn.XLOOKUP($AW10,$CD$6:$CD$21,$CE$6:$CE$21),$AW10),--(SUMPRODUCT((TRIM('Makeup '!$A$2:$A$300&"")=_xlpm.k)*ISNUMBER('Makeup '!$F$2:$F$300))>0)))} -> 1 | CI10: =$AR10*$CH10 -> 72555.68 | CJ10: {=IF($AW10="",0,--(SUMPRODUCT(--(TRIM(Footfall!$B$5:$B$301)=$AW10))>0))} -> 0 | CK10: {=IF($AW10="",0,_xlfn.LET(_xlpm.r,IFERROR(MATCH(IFERROR(_xlfn.XLOOKUP($AW10,$BT$5:$BT$22,$BU$5:$BU$22),$AW10),TRIM('TY Beauty Target'!$B$5:$B$300&""),0),""),IF(ISNUMBER(_xlpm.r),SUMPRODUCT(('TY Beauty Target'!$L$2:$AP$2>=$U$4)*('TY Beauty Target'!$L$2:$AP$2<=$U$5),INDEX('TY Beauty Target'!$L$5:$AP$300,_xlpm.r,0)),0)))} -> 3659.7712
A11: OVERALL | AN11: {=IF($AW11="","",_xlfn.LET(_xlpm.sa,IFERROR(TRIM(INDEX('Sales and count'!$D$4:$D$300,$BF11)&""),""),_xlpm.ta,IFERROR(TRIM(INDEX('TY Sales Target'!$F$5:$F$300,$BG11)&""),""),IF(AND(_xlpm.sa<>"",LEFT(_xlpm.sa,1)<>"#",_xlpm.sa<>"0"),_xlpm.sa,IF(AND(_xlpm.ta<>"",LEFT(_xlpm.ta,1)<>"#",_xlpm.ta<>"0"),_xlpm.ta,IF(ISNUMBER($BG11),"Unassigned","")))))} -> Maram Zamzami | AO11: {=IF($AW11="","",_xlfn.LET(_xlpm.sa,IFERROR(TRIM(INDEX('Sales and count'!$C$4:$C$300,$BF11)&""),""),_xlpm.ta,IFERROR(TRIM(INDEX('TY Sales Target'!$D$5:$D$300,$BG11)&""),""),IF(AND(_xlpm.sa<>"",LEFT(_xlpm.sa,1)<>"#",_xlpm.sa<>"0"),_xlpm.sa,IF(AND(_xlpm.ta<>"",LEFT(_xlpm.ta,1)<>"#",_xlpm.ta<>"0"),_xlpm.ta,""))))} -> Makkah | AP11: =IF(AND(AN11<>"",OR($B$3="All",$CF11=$B$3),IF(OR($B$4="All",$B$4="Multiple (ticked)"),IF(COUNTIF($B$10:$M$10,"✔")>0,COUNTIFS($B$9:$M$9,AN11,$B$10:$M$10,"✔")>0,$B$4="All"),AN11=$B$4),OR($B$5="All",AO11=$B$5),OR($B$6="All Stores",CJ11=IF($B$6="With Footfall Device",1,0)),OR($B$7="All Stores",AQ11=1),OR($B$8="All",BH11=$B$8)),1,0) -> 0 | AQ11: =--(AT11>0) -> 0 | AR11: {=IF($BF11="",0,_xlfn.LET(_xlpm.d,IFERROR(--'Sales and count'!$G$2:$CC$2,0),SUMPRODUCT(('Sales and count'!$G$3:$CC$3="Total")*(_xlpm.d>=$U$4)*(_xlpm.d<=$U$5),INDEX('Sales and count'!$G$4:$CC$300,$BF11,0))))} -> 559098.73 | AS11: {=IF($BF11="",0,_xlfn.LET(_xlpm.d,IFERROR(--'Sales and count'!$F$2:$CB$2,0),SUMPRODUCT(('Sales and count'!$G$3:$CC$3="Transactions")*(_xlpm.d>=$U$4)*(_xlpm.d<=$U$5),INDEX('Sales and count'!$G$4:$CC$300,$BF11,0))))} -> 3000 | AT11: {=IF($AW11="",0,SUMPRODUCT((TRIM('LY Sales '!$B$5:$B$200)=$AW11)*('LY Sales '!$C$2:$AG$2>=EDATE($U$4,-12))*('LY Sales '!$C$2:$AG$2<=EDATE($U$5,-12)),'LY Sales '!$C$5:$AG$200))} -> 0 | AU11: {=IF($AW11="",0,SUMPRODUCT((TRIM('LY Transaction'!$B$5:$B$200)=$AW11)*('LY Transaction'!$C$2:$AG$2>=EDATE($U$4,-12))*('LY Transaction'!$C$2:$AG$2<=EDATE($U$5,-12)),'LY Transaction'!$C$5:$AG$200))} -> 0 | AV11: {=IF(NOT(ISNUMBER($BG11)),0,SUMPRODUCT(('TY Sales Target'!$K$2:$AO$2>=$U$4)*('TY Sales Target'!$K$2:$AO$2<=$U$5),INDEX('TY Sales Target'!$K$5:$AO$300,$BG11,0)))} -> 574631.22 | AW11: {=IFERROR(INDEX(_xlfn.ANCHORARRAY($BR$5),ROWS($AW$5:AW11)),"")} -> HAABRAJ1 | AY11: 46301 | BB11: {=IF($AW11="",0,SUMPRODUCT((TRIM(Footfall!$B$5:$B$301)=$AW11)*(Footfall!$C$1:$BZ$1>=$U$4)*(Footfall!$C$2:$BZ$2<=$U$5)*(Footfall!$C$1:$BZ$1<>""),Footfall!$C$5:$BZ$301))} -> 0 | BC11: {=IF(OR($BB11<=0,$BD$1="",$BF11=""),0,_xlfn.LET(_xlpm.d,IFERROR(--'Sales and count'!$F$2:$CB$2,0),SUMPRODUCT(('Sales and count'!$G$3:$CC$3="Transactions")*(_xlpm.d>=$BD$1)*(_xlpm.d<=$BD$2),INDEX('Sales and count'!$G$4:$CC$300,$BF11,0))))} -> 0 | BF11: {=IF($AW11="","",IFERROR(MATCH($AW11,TRIM('Sales and count'!$A$4:$A$300&""),0),""))} -> 7 | BG11: {=IF($AW11="","",IFERROR(MATCH(IFERROR(_xlfn.XLOOKUP($AW11,$BT$5:$BT$22,$BU$5:$BU$22),$AW11),TRIM('TY Sales Target'!$B$5:$B$300&""),0),""))} -> 3 | BH11: {=IF(ISNUMBER($BG11),_xlfn.LET(_xlpm.p,TRIM(INDEX('TY Sales Target'!$I$5:$I$300,$BG11)&""),IF(_xlpm.p="","Not set",_xlpm.p)),"Not set")} -> Car | BI11: {=IF($BF11="",0,_xlfn.LET(_xlpm.d,IFERROR(--'Sales and count'!$G$2:$CC$2,0),SUMPRODUCT(('Sales and count'!$G$3:$CC$3="Total")*(_xlpm.d>=$BZ$5)*(_xlpm.d<=$BZ$6),INDEX('Sales and count'!$G$4:$CC$300,$BF11,0))))} -> 559098.73 | BJ11: {=IF($AW11="",0,SUMPRODUCT((TRIM('LY Sales '!$B$5:$B$200)=$AW11)*('LY Sales '!$C$2:$AG$2>=EDATE($BZ$5,-12))*('LY Sales '!$C$2:$AG$2<=EDATE($BZ$6,-12)),'LY Sales '!$C$5:$AG$200))} -> 0 | BK11: {=IF($AW11="",0,SUMPRODUCT((TRIM('LY Sales '!$B$5:$B$200)=$AW11)*('LY Sales '!$C$2:$AG$2>=EDATE($BZ$5,-12))*('LY Sales '!$C$2:$AG$2<=EDATE($BZ$7,-12)),'LY Sales '!$C$5:$AG$200))} -> 0 | BL11: {=IF($AW11="",0,SUMPRODUCT((TRIM('LY Sales '!$B$5:$B$200)=$AW11)*('LY Sales '!$C$2:$AG$2>=EDATE($BZ$5,-12))*('LY Sales '!$C$2:$AG$2<=EDATE($BZ$6,-12))*('LY Sales '!$C$5:$AG$200>0)))} -> 0 | BM11: {=IF(NOT(ISNUMBER($BG11)),0,SUMPRODUCT(('TY Sales Target'!$K$2:$AO$2>=$BZ$5)*('TY Sales Target'!$K$2:$AO$2<=$BZ$6),INDEX('TY Sales Target'!$K$5:$AO$300,$BG11,0)))} -> 574631.22 | BN11: {=IF(NOT(ISNUMBER($BG11)),0,SUMPRODUCT(('TY Sales Target'!$K$2:$AO$2>=$BZ$5)*('TY Sales Target'!$K$2:$AO$2<=$BZ$7),INDEX('TY Sales Target'!$K$5:$AO$300,$BG11,0)))} -> 750000 | BO11: {=IF($AW11="",0,IFERROR(_xlfn.SWITCH($BP11,"LY trend",$BI11*$BK11/$BJ11,"Target curve",$BI11*$BN11/$BM11,"Run rate",$BI11/$BZ$8*$BZ$9,0),0))} -> 729727.22 | BP11: =IF($AW11="","",IF(AND($BL11>=$BZ$8,$BJ11>0,$BK11>0),"LY trend",IF($BM11>0,"Target curve",IF($BI11>0,"Run rate","")))) -> Target curve | BR11: HAABRAJ1 | BV11: Maram Zamzami | BW11: Not set | BX11: Buraidah | CB11: {=IF($AW11="",0,_xlfn.LET(_xlpm.k,IFERROR(_xlfn.XLOOKUP($AW11,$CD$6:$CD$21,$CE$6:$CE$21),$AW11),SUMPRODUCT((TRIM('Makeup '!$A$2:$A$300&"")=_xlpm.k)*1,IFERROR('Makeup '!$F$2:$F$300*1,0))))} -> 38498.2 | CF11: {=IF($AW11="","",_xlfn.LET(_xlpm.c,IFERROR(TRIM(INDEX('Sales and count'!$B$4:$B$300,$BF11)&""),""),IF(OR(_xlpm.c="",_xlpm.c="0",LEFT(_xlpm.c,1)="#"),"Not set",_xlpm.c)))} -> KSA | CH11: {=IF($AW11="",0,_xlfn.LET(_xlpm.k,IFERROR(_xlfn.XLOOKUP($AW11,$CD$6:$CD$21,$CE$6:$CE$21),$AW11),--(SUMPRODUCT((TRIM('Makeup '!$A$2:$A$300&"")=_xlpm.k)*ISNUMBER('Makeup '!$F$2:$F$300))>0)))} -> 1 | CI11: =$AR11*$CH11 -> 559098.73 | CJ11: {=IF($AW11="",0,--(SUMPRODUCT(--(TRIM(Footfall!$B$5:$B$301)=$AW11))>0))} -> 0 | CK11: {=IF($AW11="",0,_xlfn.LET(_xlpm.r,IFERROR(MATCH(IFERROR(_xlfn.XLOOKUP($AW11,$BT$5:$BT$22,$BU$5:$BU$22),$AW11),TRIM('TY Beauty Target'!$B$5:$B$300&""),0),""),IF(ISNUMBER(_xlpm.r),SUMPRODUCT(('TY Beauty Target'!$L$2:$AP$2>=$U$4)*('TY Beauty Target'!$L$2:$AP$2<=$U$5),INDEX('TY Beauty Target'!$L$5:$AP$300,_xlpm.r,0)),0)))} -> 57855.496
